record_id,mrn,dob,sex,race,ethnicity,age_minage,dt_mindt,dt_maxdt,dt_dod,seersitedesc,opibeforemindt_ever,opibeforemindt_3mo,opidrugs,duration_of_opiate_use,chronic_opiate_use,post_op_opiates_only,opiates_first_3_months_of_chemo,escalating_doses_after,dose_reduction_3_months,dose_delay,comment_for_dose_delay,diarrhea,diarrhea_grading,hospitalization,cramping,cramping_severity,gi_infection,gi_infection_specify,comment,form_1_complete
1,1289612,1957-11-28,M,White,"Not Hispanic, Latino/a, or Spanish origin",62,2019-12-13,2023-08-23,1/17/2024,Rectum,0,0,tramadol,,,,,,,,,,,,,,,,"pt got first 3 months at OSH",1
2,1320368,1951-05-20,M,"Black or African American","Not Hispanic, Latino/a, or Spanish origin",70,2021-10-28,2023-07-13,,"Colon adenocarcinoma, liver",1,1,tramadol,3,1,0,1,0,0,0,,0,,0,0,,0,,"taking max 2 tramadol per day ",2
3,1321678,1969-03-16,F,"Black ","Not Hispanic, Latino/a, or Spanish origin",54,2022-10-17,2024-05-13,,Colon,1,0,oxycodone,,0,,,,0,0,,1,2,0,1,,0,,,2
4,1370935,1962-01-01,M,"Black or African American","Not Hispanic, Latino/a, or Spanish origin",56,2018-03-06,2019-07-18,,"ascending Colon, liver, intra abdominal LN",1,1,oxycodone,3,1,0,1,0,0,1,"d/t palliative right colectomy 7/13/2018 for obstruction",0,,0,1,3,0,,"ED presentation 5/2018 for severe abdominal pain. ",2
5,1384045,1953-05-14,F,White,"Not Hispanic, Latino/a, or Spanish origin",70,2023-04-03,2023-08-07,,Pancreas,0,0,,,0,,,,0,0,,0,,0,1,1,0,,"didn't have any diarrhea in first 3 months. did have mild diarrhea later but was at month 4-5. cramping was mild. ",2
6,1398282,1958-06-26,M,White,"Not Hispanic, Latino/a, or Spanish origin",62,2020-09-01,2021-02-16,6/12/2023,"ductal adenocarcinoma of pancreas with one LN ",1,0,,,0,,,,0,0,,0,,0,0,,0,,,2
7,1404036,1957-08-01,F,White,"Not Hispanic, Latino/a, or Spanish origin",63,2020-08-26,2020-10-06,3/19/2024,Pancreas,1,0,oxycodone,2,1,0,1,0,0,0,,1,1,0,0,,0,,"she was on oxycodone as a chronic med at first visit but not sure if 1 month or 3 months ",2
8,1426642,1945-06-27,F,White,"Not Hispanic, Latino/a, or Spanish origin",70,2016-03-28,2016-03-28,,Colon,1,0,,,0,0,,,0,1,,1,0,0,1,4,0,,"started dose reduced irinotecan for unknown reason (was reporting diarrhea with previous regimen already), after C1 declined further chemo due to effect on life attributed to diarrhea/fatigue/abdominal pain",2
9,1433201,1954-09-19,M,White,"Not Hispanic, Latino/a, or Spanish origin",66,2021-07-21,2022-01-03,1/25/2024,Pancreas,1,1,"tramadol, oxycodone",,0,1,,,0,0,,0,,0,0,,0,,"he had surgery 5/21 and had post-surgical opiates for a week, about 2 months before chemo ",2
10,1435857,1958-08-09,M,Other,"Hispanic, Latino/a, or Spanish origin",60,2019-01-29,2019-02-12,,"Stomach/GE junction, peritoneal carcinomatosis, abdominal LN ",1,1,tramadol,3,1,0,1,0,0,1,,1,0,0,1,4,0,,"hospitalized d/t obstructive jaundice 3/2019 and transitioned to comfort care",2
11,1439307,1954-04-30,F,White,"Not Hispanic, Latino/a, or Spanish origin",70,2024-05-07,2024-05-07,1/27/2024,Pancreas,0,0,,,0,,,,0,0,,1,0,0,0,,0,,,2
12,1439342,1959-04-06,M,White,"Not Hispanic, Latino/a, or Spanish origin",64,2023-06-13,2023-10-16,,Rectum,1,0,"oxycodone, tramadol",,0,0,,,0,0,,0,,0,0,,0,,,2
13,1448168,1955-08-25,F,White,"Not Hispanic, Latino/a, or Spanish origin",65,2020-10-05,2020-11-16,1/29/2024,Pancreas,1,1,"oxycodone, tramadol",,,,,,,,,,,,,,,,"no records...",0
14,1471546,1962-06-24,M,"Black or African American","Not Hispanic, Latino/a, or Spanish origin",56,2018-07-24,2018-08-07,9/5/2018,"Pancreas, adenocarcinoma ",1,1,"oxycodone, morphine",3,1,0,,,1,0,,0,,0,0,,0,,"started FOLFIRINOX 15% dose reduction d/t immunosuppression. Tolerated three cycles, passed shortly after d/t GI bleed/stroke",2
15,1483164,1965-12-08,M,White,"Not Hispanic, Latino/a, or Spanish origin",51,2017-02-20,2017-02-20,1/31/2024,Colon,1,1,"hydromorphone, oxycodone, morphine",,,,,,,,,,,,,,,,"no records ",0
16,1577709,1960-02-05,M,Other,"Not Hispanic, Latino/a, or Spanish origin",55,2015-08-04,2017-08-02,1/11/2018,"Other Digestive, adenocarcinoma of ampulla of vater",1,1,"oxycodone, tramadol, morphine, hydromorphone",3,1,0,,,0,0,,0,,0,0,,0,,"started at 15% reduction FOLFIRINOX",2
17,1612240,1968-09-20,M,White,"Not Hispanic, Latino/a, or Spanish origin",50,2018-11-19,2021-11-03,2/2/2024,Colon,1,0,"oxycodone, morphine, fentanyl, hydromorphone",,0,,,,0,0,,1,0,0,0,,0,,"reported diarrhea but it must have been mild b/c they didn't do anything for it ",2
18,1640252,1956-02-25,F,"Black or African American","Not Hispanic, Latino/a, or Spanish origin",61,2017-07-12,2018-07-20,8/28/2018,"Colon adenocarcinoma ",1,1,"oxycodone, morphine ",3,1,0,,,1,0,,1,0,0,1,3,0,,"dose reduced for C3 by 20%; after C2 went to ER for pain and diarrhea, resolved with management there, dc'd from ED ",2
19,1642050,1955-10-26,M,White,"Not Hispanic, Latino/a, or Spanish origin",61,2017-03-21,2017-05-16,,Pancreas,1,1,oxycodone,,,,,,,,,,,,,,,,"records dont go that far back , cant confirm",0
20,1645069,1960-10-05,M,"Black or African American","Not Hispanic, Latino/a, or Spanish origin",59,2020-03-02,2020-11-10,,Colon,1,1,"fentanyl, oxycodone",3,1,0,,,0,0,,1,0,0,0,,0,,"also with multiple myeloma, diarrhea described as minimal during initial cycles ",2
21,1652607,1962-03-30,M,White,"Not Hispanic, Latino/a, or Spanish origin",56,2019-02-14,2019-05-30,2/6/2024,Rectum,1,1,"oxycodone, tramadol, morphine",,0,0,,,0,0,,1,3,1,1,4,0,,"opiates <1 month; started on tramadol 1/22/2019, chemo started 2/14/19",2
22,1655665,1970-08-22,M,Other,"Hispanic, Latino/a, or Spanish origin",48,2018-09-17,2018-11-14,1/12/2019,Rectum,1,1,"tramadol, oxycodone",3,1,0,,,0,0,,1,0,0,1,1,0,,"diarrhea was controlled with prn loperamide. Several dose delays due to patient no shows.",2
23,1674809,1957-04-02,F,White,"Not Hispanic, Latino/a, or Spanish origin",60,2018-03-07,2018-03-21,2/8/2024,Stomach,1,1,oxycodone,3,1,0,,,0,0,,0,,0,0,,0,,,2
24,1814398,1944-02-23,F,White,"Not Hispanic, Latino/a, or Spanish origin",78,2022-10-26,2024-05-29,2/9/2024,Colon,1,1,tramadol,2,1,1,,,0,0,,0,,0,1,2,0,,"tramadol prescribed after port placement for short course. admitted for obstipation shortly after first dose. cramping after second cycle requiring ativan. held irinotecan for third cycle d/t reduced CEA.  ",2
25,1861921,1947-03-06,M,White,"Not Hispanic, Latino/a, or Spanish origin",72,2019-03-20,2019-05-29,2/10/2024,Pancreas,1,1,oxycodone,,0,0,,,0,0,,0,,0,0,,0,,"he had oxycodone on his MAR but in every visit before irinotecan he marked it as ""not taking""",2
26,1883480,1945-06-12,F,White,"Not Hispanic, Latino/a, or Spanish origin",74,2020-02-03,2020-11-23,2/15/2021,Stomach,1,1,"hydromorphone, fentanyl, oxycodone",3,1,0,,,1,0,,0,,0,0,,0,,"started at 20% dose reduction d/t age and PS",2
27,1907065,1965-08-25,M,White,"Not Hispanic, Latino/a, or Spanish origin",55,2021-06-07,2021-11-08,2/12/2024,Colon,1,1,tramadol,2,1,0,0,0,1,0,,1,1,0,0,,0,,"dose reduced due to cholinergic syndrome",2
28,1919723,1948-03-30,M,White,"Not Hispanic, Latino/a, or Spanish origin",73,2021-02-22,2021-05-04,6/29/2022,Rectum,0,0,,,0,,,,1,1,"admission for neutropenic fever, diarrhea ",1,3,1,1,4,0,,,2
29,1927622,1967-12-08,M,White,"Not Hispanic, Latino/a, or Spanish origin",52,2020-02-18,2020-05-11,2/14/2024,Colon,1,1,"hydromorphone, methadone",3,1,0,,,1,1,"delay x 2 ",1,0,0,0,,0,,"""significant watery diarrhea""",2
30,1950077,1977-12-10,F,White,"Not Hispanic, Latino/a, or Spanish origin",43,2021-10-18,2021-11-15,6/20/2023,Pancreas,1,1,oxycodone,2,1,1,,,1,1,"severe n/v and constipation, hypokalemia ",0,,0,1,4,0,,"recieved oxycodone after port placement. started on dose reduced, after C1 developed severe n/v and constipation with ED presentation and held C2",2
31,1967301,1958-12-07,M,"Black or African American","Not Hispanic, Latino/a, or Spanish origin",61,2020-07-06,2021-03-01,3/26/2021,Pancreas,1,0,,,0,0,,,0,0,,0,,0,0,,0,,,2
32,2000177,1959-04-06,M,White,"Not Hispanic, Latino/a, or Spanish origin",60,2019-07-08,2019-07-08,,"Pancreas, mets to lung/liver/diaphragm/intra abdominal LN",1,1,"oxycodone, morphine",3,1,0,,,0,1,"received no further cycles, admitted to hospital for severe abdominal cramping requiring celiac plexus block on 7/24/2019 and dc'd to hospice",1,1,0,1,3,0,,"also with Warthin tumor of neck. started at 15% dose reduction ""for better tolerance"", had 24hrs of self resolving diarrhea after C1. Admitted on 7/25 for severe abdominal pain (no diarrhea) and went home on comfort care. No further documentation, unclear if still alive. ",2
33,2001263,1951-01-21,M,White,"Not Hispanic, Latino/a, or Spanish origin",69,2020-04-07,2020-06-03,,Stomach,1,1,oxycodone,3,1,0,,,0,1,,0,,0,0,,0,,,2
34,20111957,1969-09-09,F,"Black or African American","Not Hispanic, Latino/a, or Spanish origin",52,2022-01-23,2022-01-24,1/1/2023,"Colon mets to liver ",0,0,,,0,0,,,0,0,,0,,0,0,,0,,"moved to RVA just before establishing with onc, had maybe recieved FOLFIRI 11/2021 for three cycles with scant BRBPR and constipation as side effects but no documentation of such. ",2
35,20117087,1966-11-12,F,White,"Not Hispanic, Latino/a, or Spanish origin",55,2022-10-03,2024-05-29,2/20/2024,Colon,1,0,oxycodone,,0,0,,,0,0,,1,1,0,1,1,0,,,2
36,20117544,1960-11-03,F,"Other,White","Hispanic, Latino/a, or Spanish origin",61,2022-01-25,2022-04-06,6/2/2022,Pancreas,1,1,"fentanyl, hydromorphone",3,1,0,1,1,1,1,,1,2,1,1,3,0,,"went to hospital with diarrhea and severe abdominal pain, diagnosed with colitis but no positive gi path panel noted, dc'd from ED  (after C1). Later admitted to hospital for acute cholangitis.",2
37,20121691,1942-06-12,M,White,"Not Hispanic, Latino/a, or Spanish origin",79,2022-01-01,2022-03-01,2/22/2024,Pancreas,1,1,tramadol,2,1,0,,,0,0,,1,2,0,0,,0,,,2
38,20128690,1976-11-22,F,White,"Not Hispanic, Latino/a, or Spanish origin",45,2022-02-23,2022-05-04,,Pancreas,1,1,"oxycodone, tramadol",2,1,1,,,1,0,,0,,0,0,,0,,"dose reduced three months after C1 d/t ""side effects"", presume nausea/vomiting",2
39,20130338,1987-02-02,F,White,"Not Hispanic, Latino/a, or Spanish origin",36,2022-03-23,2024-01-10,,Colon,1,0,"tramadol, oxycodone",,0,1,,,0,0,,0,,0,0,,0,,,2
40,20135791,1984-04-21,M,White,"Not Hispanic, Latino/a, or Spanish origin",38,2022-12-07,2023-12-19,,Stomach,0,0,,,0,0,,,0,0,,0,,0,0,,0,,,2
41,20144886,1961-09-06,M,White,"Not Hispanic, Latino/a, or Spanish origin",60,2022-04-05,,,Pancreas,1,1,tramadol,,0,,,,0,0,,0,,0,0,,0,,,2
42,20160190,1954-11-26,M,White,"Not Hispanic, Latino/a, or Spanish origin",68,2023-08-23,2023-10-16,,"Pancreas SCC",1,1,"hydromorphone, tramadol ",3,1,0,,,1,0,,1,1,0,0,,0,,"hospitalized after C2 d/t cachexia and fatigue; was having diarrhea per notes seems mild. Dose reduced after C2. ",2
43,20182746,1973-12-29,M,White,"Not Hispanic, Latino/a, or Spanish origin",48,2022-07-18,2022-12-05,2/28/2024,Colon,1,1,"morphine, oxycodone",2,1,0,,,1,0,,1,3,0,1,3,0,,"narcotis for at least 1 month prior, not sure about 3 b/c from outside ",2
44,20203833,1966-05-14,M,"Black or African American","Not Hispanic, Latino/a, or Spanish origin",57,2023-10-23,2024-02-21,,Rectum,0,0,,,0,0,,,0,0,,0,,0,0,,0,,"with colostomy. ",2
45,20207392,1978-09-29,F,White,"Not Hispanic, Latino/a, or Spanish origin",44,2023-05-23,2023-06-15,3/1/2024,Rectum,1,1,tramadol,,0,1,,,0,0,,0,,0,0,,0,,"<1 month opiates; tramadol PRN started <2 weeks before ",2
46,20236688,1951-05-16,F,White,"Not Hispanic, Latino/a, or Spanish origin",72,2023-11-08,2024-02-14,,Pancreas,1,1,oxycodone,2,1,1,,,1,1,,1,3,1,0,,0,,"admission after C2 for diarrhea named ""grade 3""",2
47,20249703,1967-04-02,M,White,"Not Hispanic, Latino/a, or Spanish origin",56,2023-11-06,2023-10-23,3/3/2024,"Rectum, NOS",1,0,oxycodone,,0,0,,,0,0,,0,,0,0,,0,,,2
48,20259817,1949-05-26,M,White,"Not Hispanic, Latino/a, or Spanish origin",74,2024-03-25,,,"esophageal adenocarcinoma ",1,0,hydromorphone,,0,0,,,0,0,,0,,0,1,1,0,,,2
49,20283017,1958-03-24,M,White,"Not Hispanic, Latino/a, or Spanish origin",66,2024-04-16,2024-04-30,3/5/2024,"Rectum, NOS",0,0,,,0,0,,,1,0,,0,,0,0,,0,,,2
50,20307600,1952-07-16,F,White,"Not Hispanic, Latino/a, or Spanish origin",71,2023-08-16,2023-08-16,9/25/2023,"Head of pancreas",1,1,"tramadol, oxycodone",2,1,0,,,1,0,,1,0,0,1,3,0,,"presented to ED after C1 with significant watery diarrhea, not quantified, not admitted to hospital. Irinotecan reduced 60%, pt accidentally missed C2 ",2
51,20312991,1994-04-26,F,Asian,"Not Hispanic, Latino/a, or Spanish origin",29,2023-10-16,2024-01-09,3/7/2024,"Sigmoid colon",0,0,tramadol,,0,0,,,0,0,,0,,0,0,,0,,,2
52,20316979,1965-12-14,F,White,"Not Hispanic, Latino/a, or Spanish origin",58,2024-01-22,2024-12-09,,"Rectosigmoid junction",0,0,,,0,0,,,0,0,,0,,0,0,,0,,"currently on irinotecan regimen",2
53,20321330,1985-08-22,M,"Black or African American","Not Hispanic, Latino/a, or Spanish origin",38,2023-09-19,2023-09-19,3/9/2024,"Tail of pancreas",1,0,"oxycodone, fentanyl ",,0,0,,,0,0,,0,,0,0,,0,,,2
54,2034552,1959-12-25,M,White,"Not Hispanic, Latino/a, or Spanish origin",61,2021-05-28,2021-06-11,,"Head of pancreas",0,0,norco,3,1,0,,,0,1,"transition to gem/abraxane after C3 d/t admission to hospital with c/f obstruction/worsened diarrhea/LFT elevation",1,2,1,1,1,0,,"hospitalized with LFT elevation, worsened diarrhea (10 per day)and c/f biliary obstruction June 2021",2
55,20359230,1999-04-06,M,"Black or African American","Not Hispanic, Latino/a, or Spanish origin",24,2024-02-26,2024-06-17,,colon,0,0,,,0,0,,,1,0,,1,1,0,0,,0,,"Dose reduced due to elevated LFTs",2
56,20391773,1953-05-19,F,White,"Not Hispanic, Latino/a, or Spanish origin",71,2024-03-29,2024-05-28,,,0,0,tramadol,2,1,0,1,0,1,0,,1,0,0,1,2,0,,"Prescribed tramadol two weeks prior to C1, documented to be ""hesitant"" to start unclear if she was taking.started on 20% dose reduce, reason not noted, was having ongoing severe abdominal pain at tx initiation.  subsequently dose reduced 30% d/t diarrhea and n/v, required IVF x2 after C1",2
57,2039693,1968-12-14,F,White,"Not Hispanic, Latino/a, or Spanish origin",53,2022-10-04,2023-02-14,3/5/2023,"Descending colon",1,1,"tramadol, oxycodone, fentanyl",3,1,0,,,0,0,,0,,0,0,,0,,,2
58,2055951,1953-08-11,F,White,"Not Hispanic, Latino/a, or Spanish origin",68,2021-11-30,2021-02-08,4/28/2022,"Head of pancreas",1,1,"norco, oxycodone",2,1,0,,,0,0,,1,1,0,0,,0,,"dc'd cycles after completion of planned amount",2
59,3010714,1952-06-19,M,"Black or African American","Not Hispanic, Latino/a, or Spanish origin",68,2020-11-23,2021-04-05,3/15/2024,"Descending colon",1,1,oxycodone,3,1,0,,,0,0,,0,,0,0,,0,,,2
60,3172833,1942-10-18,M,White,"Not Hispanic, Latino/a, or Spanish origin",75,2018-06-20,2022-07-28,1/5/2023,"Sigmoid colon",1,1,"hydromorphone, oxycodone, tramadol",,0,0,,,0,0,,0,,0,0,,0,,"started at osh on irinotecan regimen, was not on opioids at that time",2
61,3206695,1958-07-22,F,"Black or African American","Not Hispanic, Latino/a, or Spanish origin",60,2018-12-28,2019-04-12,4/18/2019,"Ascending colon",1,1,"morphine, oxycodone",3,1,0,,,0,0,,0,,0,0,,0,,,2
62,3214715,1949-12-21,F,Unknown,"Not Hispanic, Latino/a, or Spanish origin",68,2018-05-07,2018-05-22,1/27/2019,"Head of pancreas",1,1,oxycodone,2,1,0,,,0,1,,1,1,0,0,,0,,"started dose reduced 15%. dc'd after C2 d/t duodenal obstruction/ cholecystitis ",2
63,3215318,1970-07-25,F,"Black or African American","Not Hispanic, Latino/a, or Spanish origin",48,2018-09-18,2019-03-27,4/11/2020,"Ascending colon",0,0,,,0,0,,,,,,,,,,,,,"got care elsewhere",0
64,3220391,1953-01-07,F,Asian,"Not Hispanic, Latino/a, or Spanish origin",65,2018-06-12,2021-09-21,,"Tail of pancreas",1,1,oxycodone,,0,0,,,0,0,,0,,0,0,,0,,,2
65,3223136,1954-02-08,F,White,"Not Hispanic, Latino/a, or Spanish origin",64,2018-06-22,2018-08-08,3/21/2024,"Head of pancreas",1,1,oxycodone,2,1,0,,,0,0,,0,,0,0,,0,,,2
66,3226249,1946-03-02,F,White,"Not Hispanic, Latino/a, or Spanish origin",75,2021-04-20,2021-08-10,,"Rectum, NOS",0,0,,,0,0,,,0,0,,0,,0,0,,0,,,2
67,3230105,1971-11-29,F,White,"Not Hispanic, Latino/a, or Spanish origin",46,2018-09-26,2022-12-13,01/01/2024,"Splenic flexure of colon",1,1,"hydromorphone, tramadol, oxycodone, morphine",,0,1,,,0,0,,0,,0,0,,0,,,2
68,3232178,1941-03-15,M,White,"Not Hispanic, Latino/a, or Spanish origin",82,2023-05-24,2023-07-24,3/24/2024,Cecum,1,1,tramadol,3,1,0,,,0,0,,0,,0,1,1,0,,"was already having abdominal cramping before starting tx. dc'd due to gastric outlet obstruction ",2
69,3237408,1956-08-01,F,"Black or African American","Not Hispanic, Latino/a, or Spanish origin",61,2018-07-25,2019-05-06,3/25/2024,"Tail of pancreas",0,0,,,0,0,,,0,0,,1,1,0,1,1,0,,,2
70,3237985,1981-01-31,F,"Black or African American","Not Hispanic, Latino/a, or Spanish origin",37,2018-10-02,2018-12-03,2/16/2019,"cholangiocarcinoma ",1,1,tramadol,3,1,0,,,1,0,,1,2,0,1,4,0,,"tx dc'd due to disease progression",2
71,3242742,1948-05-13,F,Unknown,"Not Hispanic, Latino/a, or Spanish origin",70,2018-10-18,2018-11-08,1/19/2019,"Stomach, NOS",1,1,oxycodone,3,1,0,,,1,1,"hospitalized due to pain, cramping, nausea/vomiting",0,,0,1,3,0,,"hospitalized due to severe cramping, nausea/vomiting and they stopped treatment . poor tolerance",2
72,3251691,1933-08-19,F,White,"Not Hispanic, Latino/a, or Spanish origin",85,2019-04-29,2019-06-11,2/14/2020,"Rectum, NOS",1,0,oxycodone,,0,0,,,0,1,"diarrhea was well controlled with prn imodium initially, after hospitalization for PE C4 was held for increased fatigue and diarrhea and new PE. Later admitted with stroke, stopped tx. ",1,1,0,0,,0,,"started at dose reduced. ",2
73,3253932,1951-08-15,F,White,"Not Hispanic, Latino/a, or Spanish origin",68,2020-04-29,2020-05-27,3/29/2024,"Colon, NOS",1,0,oxycodone,,0,0,,,1,0,,1,3,0,0,,0,,"lost to follow up after 2 months. on oxycodone 1 year before tx ",2
74,3260538,1964-02-07,F,"Black or African American","Not Hispanic, Latino/a, or Spanish origin",54,2018-10-12,2019-07-24,8/12/2019,"Overlapping lesion of pancreas",1,1,oxycodone,3,1,0,,,1,1,,1,3,1,0,,0,,"FOLFIRINOX 10/12/18-11/30/18 with tolerance, switchd gem/abraxane d/t progression. FOLFIRI started 7/24/2019, subsequently admitted to hospital 7/30 for n/v/d. Passed that hospitalization. ",2
75,3263089,1954-12-18,F,White,"Not Hispanic, Latino/a, or Spanish origin",64,2019-10-22,2021-11-29,6/22/2022,Appendix,1,1,oxycodone,3,1,0,,,0,0,,1,1,0,1,1,0,,,2
76,3271874,1972-03-26,M,"Black or African American","Not Hispanic, Latino/a, or Spanish origin",49,2021-12-01,2023-03-28,,"Colon, NOS",1,1,oxycodone,2,1,0,,,0,0,,0,,0,0,,0,,"received opioids while hospitalized for seizure d/t brain met 9/2024. ",2
77,3273084,1961-03-22,M,White,"Not Hispanic, Latino/a, or Spanish origin",57,2019-01-03,2019-02-28,12/20/2019,"Head of pancreas",1,0,hydromorphone,,0,0,,,0,0,,0,,0,0,,0,,,2
78,3274665,1954-10-02,M,White,"Not Hispanic, Latino/a, or Spanish origin",64,2019-01-14,2019-03-25,4/3/2024,"esophageal/GE junction, NOS",0,0,,,0,0,,,0,0,,1,2,0,0,,0,,"started 25% dose reduction d/t elevated bili, this improved but remained on that dose d/t diarrhea. stopped d/t disease progression",2
79,3274992,1967-01-04,M,White,"Not Hispanic, Latino/a, or Spanish origin",52,2019-12-03,2022-11-08,4/4/2024,"Ascending colon",1,0,oxycodone,,0,0,,,0,0,,0,,0,0,,0,,,2
80,3275191,1948-08-30,F,White,"Not Hispanic, Latino/a, or Spanish origin",70,2018-12-18,2020-01-30,5/18/2020,"Overlapping lesion of pancreas",0,0,,,0,0,,,0,0,,1,1,0,0,,0,,"stopped FOLFIRINOX d/t excessive nausea on 1/10/19 after C3 (hospitalized with FTT). Started FOLFIRI 8/15/2019. ",2
81,3275647,1967-08-02,F,"Black or African American","Not Hispanic, Latino/a, or Spanish origin",51,2019-01-03,2019-02-14,4/6/2024,"Body of pancreas",1,1,"hydromorphone, oxycodone",2,1,0,1,1,1,1,,1,3,1,1,4,0,,"at least 1 month",2
82,3275837,1945-09-11,M,Other,"Not Hispanic, Latino/a, or Spanish origin",73,2018-12-19,2019-01-16,11/20/2019,"Head of pancreas AND esophageal adenocarcinoma (two primaries)",1,1,oxycodone,,0,0,,,0,1,"C4 delayed d/t diarrhea and nausea then transitioned treatment after progression dz ",1,1,0,0,,0,,"started 15% dose reduced d/t age. ",2
83,3277603,1987-04-24,M,Other,"Not Hispanic, Latino/a, or Spanish origin",32,2019-09-26,2019-09-26,4/8/2024,"Transverse colon",1,1,"morphine, oxycodone",3,1,0,1,1,1,1,,1,3,1,1,3,0,,"hospitalized due to diarrhea, nausea/vomiting",2
84,3281693,1934-10-11,M,White,"Not Hispanic, Latino/a, or Spanish origin",85,2019-12-03,2020-07-07,,"pancreatic body-tail encasing celiac axis/liver/LLL",0,0,Vicodin,3,1,0,,,1,0,,0,,0,0,,0,,"Started 30% dose reduction, then C2 dose reduced d/t fatigue/weakness. Transitioned to hospice 11/2020, chart does not indicate he has passed.",2
85,3292478,1926-11-14,F,White,"Not Hispanic, Latino/a, or Spanish origin",92,2019-11-12,2019-12-31,4/10/2024,"Ascending colon",0,0,,,0,0,0,0,0,0,,0,,0,0,,0,,,2
86,3292642,1960-01-29,F,White,"Not Hispanic, Latino/a, or Spanish origin",60,2020-12-02,2021-06-08,4/17/2022,"Tail of pancreas",0,0,"hydromorphone, fentanyl, morphine",3,1,0,,,1,0,,1,3,1,1,3,0,,"hospitalized with diarrhea after C2, febrile, GI path/c diff neg but empirically treated for colitis. Dose reduced 15 --> 30% for C3 and on.",2
87,3298413,1961-11-11,M,White,"Not Hispanic, Latino/a, or Spanish origin",57,2019-06-25,2019-08-05,4/12/2024,"Overlapping lesion of pancreas",1,1,oxycodone,2,1,0,0,0,0,0,,0,,0,0,,0,,,2
88,3301878,1952-03-23,M,White,"Not Hispanic, Latino/a, or Spanish origin",67,2019-05-20,2019-05-20,4/13/2024,"Other specified parts of pancreas",1,1,oxycodone,2,1,0,,,0,0,,0,,0,0,,0,,"got C1 then admitted for pneumonia, subsequently did FOLFOX (seems like Irino held d/t his 20lbs weight loss in hospital) Home hospice 4/2020, chart does not indicate pt passed.",2
89,3305579,1985-02-28,F,Other,"Hispanic, Latino/a, or Spanish origin",36,2022-02-23,2022-02-23,4/14/2024,"Rectum, NOS",0,0,,,,,,,,,,,,,,,,,"got treated elsewhere after first tx ",0
90,3307363,1982-10-11,F,"Black or African American","Not Hispanic, Latino/a, or Spanish origin",36,2019-06-27,2019-09-19,9/20/2020,"Sigmoid colon",1,1,"hydrocodone, morphine",3,1,0,,,0,0,,0,,0,1,4,0,,"unclear opioid course, first note one month before tx began with norco listed. Likely > 1 mo. started at 15% dose reduction. 9/2019 admitted with SBO.",2
91,3324665,1956-07-08,M,"Black or African American","Not Hispanic, Latino/a, or Spanish origin",63,2020-03-06,2020-06-05,4/16/2024,"Other specified parts of pancreas",1,1,oxycodone,,0,0,0,0,0,0,,1,1,0,0,,0,,,2
92,3325853,1950-12-07,M,White,"Not Hispanic, Latino/a, or Spanish origin",68,2019-10-30,2020-04-13,6/15/2020,"pancreatic adenocarcinoma/head of pancreas",1,1,oxycodone,3,1,0,,,0,0,,0,,0,0,,0,,"in PANC003 clinical trial SOC arm, FOLFIRINOX. Developed pneumonitis attributed to the irino 5/2020, dc'd ",2
93,3328207,1954-06-27,F,White,"Not Hispanic, Latino/a, or Spanish origin",65,2019-09-30,2020-09-08,4/18/2024,,1,1,oxycodone,2,1,0,1,0,1,1,,1,3,0,0,,0,,"ER visit due to diarrhea but not hospitalized",2
94,3337110,1948-07-16,M,White,"Not Hispanic, Latino/a, or Spanish origin",71,2019-11-12,2020-09-01,2/5/2021,"Body of pancreas",1,1,oxycodone,2,1,0,,,0,0,,1,1,0,0,,1,"enterocolitis admission 1/2019, no positive GI path panel/cdiff","duration opioids not clear, notes start < 1 mo before treatment",2
95,3337932,1943-12-07,M,"Black or African American","Not Hispanic, Latino/a, or Spanish origin",76,2020-04-27,2020-07-13,4/20/2024,"Head of pancreas",1,0,oxycodone,,0,0,0,0,0,0,,0,,0,0,,0,,,2
96,3346411,1958-10-14,M,White,"Not Hispanic, Latino/a, or Spanish origin",65,2023-10-23,2024-06-12,,"pancreatic body/tail adenocarcinoma/peritoneal carcinomatosis",0,0,,,0,0,,,0,0,,1,2,0,1,4,0,,"ED presentation for diarrhea/abdominal pain 1/2024 without admission. ",2
97,3358869,1980-05-08,M,White,"Not Hispanic, Latino/a, or Spanish origin",39,2020-02-21,2020-07-24,5/27/2021,"Head of pancreas",0,0,,,0,,,,0,0,,1,1,0,0,,0,,"diarrhea well controlled with imodium",2
98,3363572,1956-09-18,M,White,"Not Hispanic, Latino/a, or Spanish origin",66,2023-05-30,2023-11-28,4/23/2024,"adenocarcinoma of cecum with liver/lung mets",1,0,oxycodone,2,1,0,,,0,0,,0,,0,0,,0,,"with ostomy. ",2
99,3365949,1955-07-10,F,White,"Not Hispanic, Latino/a, or Spanish origin",68,2022-11-07,2025-01-02,,"Head of pancreas",0,0,,,0,,,,0,0,,1,1,0,0,,0,,,2
100,3370063,1979-04-10,M,White,"Not Hispanic, Latino/a, or Spanish origin",41,2017-10-01,2020-09-11,3/10/2021,"Rectosigmoid junction",0,0,oxycodone,,0,0,,,1,0,,0,,0,0,,0,,"Initially received irino at another center 10/2017, no details regarding tolerance. Started at VCU 5/7/2020. C2 only dose reduced for unclear reasons. ",2
101,3377632,1964-12-04,F,White,"Not Hispanic, Latino/a, or Spanish origin",57,2022-04-19,2022-05-17,6/2/2022,Cecum,1,0,oxycodone,,0,,,,0,0,,0,,0,0,,0,,"did not complete three months of irino",2
102,3379540,1951-06-18,F,White,"Not Hispanic, Latino/a, or Spanish origin",69,2020-10-26,2021-03-08,,"Rectosigmoid junction",1,0,"tramadol, oxycodone",2,1,1,,,1,0,,1,2,0,0,,0,,"C2 dose reduced 20% d/t reaction to neulasta. C3 delayed d/t holidays.  7/2021 went to Mayo in FL, chart stops, does not indicate pt passed",2
103,3381414,1964-04-26,M,White,"Not Hispanic, Latino/a, or Spanish origin",56,2021-01-19,2021-03-02,7/5/2021,"Descending colon",1,1,oxycodone,3,1,1,0,,0,0,,0,,0,0,,0,,,2
104,3381621,1964-11-01,F,White,"Not Hispanic, Latino/a, or Spanish origin",56,2021-04-06,2021-06-17,,"Appendix adenocarcinoma/carcinoid tumor ",1,0,"fentanyl patch, dilaudid ",3,1,0,,,1,0,,1,0,1,0,,1,"admitted with norovirus ?6/2021 then diarrhea persisted, admitted 7/2021 with hypoMag","irinotecan reduced 10% for C3 d/t diarrhea/neutropenia. diarrhea documented well controlled with imodium, then had admission 7/2021 for diarrhea.",2
105,3386172,1974-04-22,F,White,"Not Hispanic, Latino/a, or Spanish origin",46,2020-08-05,2021-12-08,3/20/2023,"Transverse colon",0,0,hydrocodone,2,1,0,1,0,0,0,,0,,0,0,,0,,,2
106,3388430,1989-02-05,M,White,"Not Hispanic, Latino/a, or Spanish origin",32,2021-05-05,2023-05-23,,Cecum,1,1,"oxycodone, tramadol, morphine, hydromorphone",3,1,0,,,0,0,,1,1,0,1,1,0,,"Received C1 then developed abdominal abscess, C2 resumed 7/19/2021.",2
107,3391877,1988-03-23,F,"Black or African American","Not Hispanic, Latino/a, or Spanish origin",32,2020-09-29,2021-03-16,,"Pancreas, NOS",1,1,oxycodone,2,1,0,1,0,0,0,,0,,0,0,,0,,,2
108,3395678,1947-06-05,F,"Black or African American","Not Hispanic, Latino/a, or Spanish origin",76,2023-05-31,2024-11-13,,Appendix,1,1,oxycodone,3,1,0,,,1,0,,1,1,0,0,,0,,"recieved opioids post hospitalization in 3/2024. Grade 1 diarrhea, irino reduced for C2 and further for C3 d/t fatigue.  at time of chart review pt is still receiving irinotecan ",2
109,3400845,1945-10-05,M,White,"Not Hispanic, Latino/a, or Spanish origin",77,2022-12-12,2024-02-26,,"Rectum, NOS",1,0,"oxycodone, tramadol",,0,,,,0,0,,1,1,0,0,,0,,,2
110,3404735,1949-04-16,F,White,"Not Hispanic, Latino/a, or Spanish origin",71,2020-08-11,2021-01-14,,"Head of pancreas",0,0,,,0,0,,,0,0,,1,1,0,1,1,0,,"started 25% DR. took break starting 9/2020 d/t ""side effects"", was c/o fatigue and mild diarrhea. Resumed 12/2020. Transitioned off d/t disease progression 1/2021. ",2
111,3407425,1949-11-02,M,White,"Not Hispanic, Latino/a, or Spanish origin",71,2020-11-17,2021-01-06,2/2/2021,"Other specified parts of pancreas",1,1,"oxycodone, tramadol",3,1,0,1,1,0,1,"elevated bili/LFTs with bilary obstruction requiring admission 12/2020 with GNR bacteremia.",0,,0,1,4,0,,"on creon at start of tx. hospitalzied with GNR bacteremia 12/2020. ",2
112,3407595,1973-08-17,M,"Black or African American","Not Hispanic, Latino/a, or Spanish origin",49,2022-08-09,2022-10-17,01/18/2023,"Sigmoid colon",1,0,oxycodone,3,1,0,,,0,0,,1,1,0,0,,0,,"transitioned to hospice 1/2023, chart does not indicated passing but documentation ends 1/18/2023 ",2
113,3409292,1954-03-17,M,White,"Not Hispanic, Latino/a, or Spanish origin",66,2020-12-01,2020-12-01,,"Head of pancreas",0,0,,3,1,0,,,1,1,"Irinotecan discontinued after hospitalization for severe abdominal cramping and diarrhea ",1,3,1,1,3,0,,"Had severe AE from first cycle, subsequently transitioned to gem/abrax therefore did not complete a three month course",2
114,3415775,1948-10-22,M,Asian,"Not Hispanic, Latino/a, or Spanish origin",72,2020-09-29,2021-02-16,6/18/2023,"Sigmoid colon",0,0,tramadol,,0,0,,,1,0,,0,,0,0,,0,,"dose reduced d/t cytopenias",2
115,3419911,1962-05-24,M,White,"Not Hispanic, Latino/a, or Spanish origin",60,2022-08-08,2022-12-12,6/30/2023,Cecum,1,1,oxycodone,3,1,0,1,0,0,0,,1,1,0,0,,0,,"on creon at start of treatment.  diarrhea noted well controlled on imodium.",2
116,3423615,1961-11-24,M,White,"Not Hispanic, Latino/a, or Spanish origin",59,2021-04-26,2021-10-12,7/08/2022,"Body of pancreas",1,1,oxycodone,3,1,1,,,0,0,,1,1,0,0,,0,,,2
117,3456804,1967-08-10,F,"Black or African American","Not Hispanic, Latino/a, or Spanish origin",55,2022-02-28,2023-09-23,1/9/2024,"Rectum, NOS",1,1,"oxycodone, morphine",3,1,0,1,0,0,1,"C2 held d/t a recent admission for ?pyelo and ongoing diarrhea/concern for fistula at that appt. ",1,2,0,1,4,0,,"had loop colostomy procedure 4/2020.",2
118,3462687,1960-09-06,M,White,"Hispanic, Latino/a, or Spanish origin",61,2021-10-19,2022-06-21,,"Rectum, NOS",1,1,"oxycodone, hydromorphone",3,1,0,,,0,0,,0,,0,0,,0,,"dc'd to hospice 7/8/22, chart does not indicate death. ",2
119,3472902,1953-02-21,F,"Black or African American","Not Hispanic, Latino/a, or Spanish origin",68,2021-08-17,2021-09-28,1/8/2023,"Head of pancreas",0,0,"morphine, oxycodone",2,1,0,,1,,1,"d/t diarrhea",1,2,0,0,,0,,"transitioned from treatment before three month time period d/t diarrhea",2
120,3477707,1981-11-11,M,White,"Not Hispanic, Latino/a, or Spanish origin",41,2023-06-07,2023-09-13,3/27/2024,"Rectum, NOS",1,1,"hydromorphone, oxycodone, tramadol, morphine",3,1,0,,,0,0,,0,,0,0,,0,,"with ileostomy, started cycles on scheduled imodium/lomotil regimen. ",2
121,3492024,1949-10-31,F,White,"Not Hispanic, Latino/a, or Spanish origin",73,2023-05-15,2023-07-26,,"Rectosigmoid junction",0,0,tramadol,3,1,0,1,0,1,0,,1,2,0,0,,0,,"started at 20% DR, further reduced to 30% but reason not noted. Diarrhea noted well controlled with imodium.",2
122,3495410,1957-11-22,F,White,"Not Hispanic, Latino/a, or Spanish origin",64,2022-09-19,2022-12-05,1/21/2023,"Appendix, Lung (two primaries)",1,1,oxycodone,3,1,0,,,1,0,,0,,0,1,4,0,,"with colostomy. Irino reduced 20% after C1 with increased ostomy output.  admitted 12/2022 with SBO. ",2
123,3495945,1978-08-27,M,White,"Not Hispanic, Latino/a, or Spanish origin",43,2019-02-01,2022-07-05,,"Rectum, NOS",0,0,"oxycodone, morphine",3,1,0,1,0,0,0,,0,,0,0,,0,,"Records limited as pt started FOLFIRI elsewhere, per our documentation after transfer of care seems to have tolerated very well.",2
124,3498172,1966-01-14,M,White,"Not Hispanic, Latino/a, or Spanish origin",57,2022-01-17,2024-09-24,,"Descending colon",0,0,,,0,0,,,0,0,,0,,0,0,,0,,,2
125,3503688,1949-12-12,M,White,"Not Hispanic, Latino/a, or Spanish origin",73,2023-04-10,2023-06-26,12/4/2024,"Head of pancreas",1,0,oxycodone,3,1,0,1,0,0,1,"held after C6 d/t new cirrhosis and recurrent ascites",0,,0,0,,0,,,2
126,3508815,1991-09-24,M,"Black or African American","Not Hispanic, Latino/a, or Spanish origin",32,2021-12-13,2024-11-07,,"Splenic flexure of colon",1,0,oxycodone,3,1,0,,,0,0,,0,,0,0,,0,,,2
127,4004814,1960-09-02,M,White,"Not Hispanic, Latino/a, or Spanish origin",61,2022-08-29,2022-09-26,3/17/2023,"Sigmoid colon",1,1,"hydromorphone, oxycodone",3,1,0,1,1,0,0,,1,1,0,0,,0,,"Recieved irinotecan once prior to transferring care to VCU, unclear when. Filled out based on his first dose at VCU but may warrant exclusion. Also did not receive full three months prior to transition due to progression. ",2
128,4004877,1946-08-28,M,"Black or African American","Not Hispanic, Latino/a, or Spanish origin",71,2018-07-18,2019-03-07,,"Sigmoid colon",1,1,oxycodone,3,1,0,,,0,0,,0,,0,1,4,0,,"dc'd 7/2019 to hospice, chart does not indicate death ",2
129,4010763,1947-11-19,F,"Black or African American","Not Hispanic, Latino/a, or Spanish origin",69,2017-08-17,2018-02-08,8/4/2019,Cecum,1,1,"tramadol, oxycodone",3,1,0,1,0,1,0,,1,1,0,0,,0,,"hospitalized d/t melena, subsequent 20% DR",2
130,4039335,1949-01-07,F,White,"Not Hispanic, Latino/a, or Spanish origin",70,2019-09-11,2019-11-06,1/14/2020,"Ascending colon",1,1,"tramadol, oxycodone",3,1,0,,,0,0,,0,,0,0,,0,,,2
131,4081094,1940-11-06,M,"Black or African American","Not Hispanic, Latino/a, or Spanish origin",78,2019-04-26,2020-03-26,10/7/2020,"Pancreas, NOS",0,0,,,0,,,,0,0,,1,1,0,0,,0,,"had recieved two cycles of irinotecan at time of switching to VCUHS, filled this out based roughly on that start date. Did note ""mild diarrhea"" associated with those two cycles. ",2
132,4182516,1946-11-26,M,White,"Not Hispanic, Latino/a, or Spanish origin",72,2019-02-01,2020-02-14,3/12/2020,"Tail of pancreas",0,0,,,0,0,,,0,0,,0,,0,0,,0,,,2
133,4214234,1948-10-06,M,White,"Not Hispanic, Latino/a, or Spanish origin",66,2015-08-14,2018-05-22,12/19/2018,"Intrahepatic bile duct",1,0,oxycodone,,,,,,,,,,,,,,,,"Received irinotecan eluting beds 8/14/2015",0
134,4228102,1972-07-25,M,"Black or African American","Not Hispanic, Latino/a, or Spanish origin",45,2018-02-19,2019-05-22,,"Sigmoid colon",1,1,oxycodone,3,1,1,,,0,0,,0,,0,0,,0,,"chart ends 2019 but does not indicate death.",2
135,4237395,1949-08-02,F,White,"Not Hispanic, Latino/a, or Spanish origin",73,2023-07-17,2023-07-17,9/20/2023,"Overlapping lesion of pancreas",1,1,morphine,3,1,0,1,0,0,0,,1,1,0,0,,0,,"did not complete three months of treatment d/t transition to hospice",2
136,4297994,1951-04-06,M,White,"Not Hispanic, Latino/a, or Spanish origin",69,2019-09-26,2021-03-09,7/21/2021,"Overlapping lesion of pancreas",1,1,"hydromorphone, fentanyl, oxycodone",3,1,0,,,1,1,"FOLFIRINOX stopped after C1 due to diverticulitis/pancreatitis/significant n/v/bacteremia (strep viridans)",1,2,1,1,4,1,"""diverticulitis"" but no path panel/c diff positive reported.","C1 (and only) FOLFIRINOX 9/2019, admitted with bacteremia/diverticulitis/pancreatitis. On opioids at that time and with C1 FOLFIRI start 6/2020, again with significant diarrhea requiring dose reduction. ",2
137,4313239,1938-01-14,M,Asian,"Not Hispanic, Latino/a, or Spanish origin",80,2018-04-17,2018-05-29,,"Sigmoid colon",1,0,oxycodone,,0,,,,1,0,,0,,0,0,,0,,"DR d/t fatigue. Further delayed d/t Y90 treatment then dc'd d/t progression. Did not receive three months tx. ",2
138,4337624,1972-03-21,M,Other,"Not Hispanic, Latino/a, or Spanish origin",51,2023-10-11,2024-07-16,,"Colon, NOS",1,0,,,0,0,,,0,0,,0,,0,0,,0,,,2
139,4348011,1964-02-14,M,"Black or African American","Not Hispanic, Latino/a, or Spanish origin",56,2020-03-16,2020-10-28,4/30/2023,Cecum,1,0,"oxycodone, tramadol",3,1,0,1,0,0,0,,1,1,0,0,,,,"with ileostomy.  Diarrhea not controlled with loperamide. ",2
140,4350769,1966-08-30,M,"Black or African American","Not Hispanic, Latino/a, or Spanish origin",48,2015-07-15,2016-10-16,,"Rectum, NOS",1,1,"fentanyl, oxycodone",3,1,0,,,0,0,,0,,0,0,,0,,"significant nausea. chart does not indicate death but stops 11/2016",2
141,4408743,1965-09-25,M,White,"Not Hispanic, Latino/a, or Spanish origin",55,2020-10-27,2021-02-23,7/23/2021,"Rectum, NOS",1,1,"oxycodone, hydromorphone",3,1,0,1,0,1,1,"due to diarrhea, significant weight loss",1,2,0,1,4,0,,"with ostomy. used imodium.",2
142,4473364,1951-01-12,M,WHITE,"Not Hispanic, Latino/a, or Spanish origin",63,2014-06-09,2016-01-18,6/6/2024,"Sigmoid colon",1,0,"oxycodone, tramadol",,,,,,,,,,,,,,,,"*MRN does not pull up a patient",0
143,4490084,1948-07-01,F,White,"Not Hispanic, Latino/a, or Spanish origin",75,2023-12-20,2024-02-07,,"pancreas ",1,1,"fentanyl, oxycodone, hydromorphone",2,1,0,1,1,1,1,"significant nausea, no diarrhea (actually constipated)",0,,0,0,,0,,"didn't complete a full three months until transitioning due to tolerance, with significant fatigue/FTT/nausea but no diarrhea.",2
144,4515899,1962-04-08,F,White,"Not Hispanic, Latino/a, or Spanish origin",57,2019-08-28,2019-10-21,12/27/2019,"Breast (2008), Body of pancreas",1,1,"tramadol, morphine, oxycodone",3,1,0,,,0,0,,1,1,0,0,,0,,,2
145,4517094,1985-09-23,F,White,"Not Hispanic, Latino/a, or Spanish origin",38,2024-02-06,2024-06-18,,"Tail of pancreas",1,1,oxycodone,3,1,0,1,0,0,0,,0,,0,0,,0,,,2
146,4541252,1955-12-14,M,White,"Not Hispanic, Latino/a, or Spanish origin",63,2019-02-25,2019-04-08,6/23/2020,"Head of pancreas",1,1,oxycodone,3,1,0,,,0,0,,0,,0,0,,0,,"hx gastric bypass. started/kept at 20% DR. ",2
147,4548833,1953-04-22,F,"Black or African American","Not Hispanic, Latino/a, or Spanish origin",70,2023-07-24,2024-01-02,,"Tail of pancreas",1,0,oxycodone,3,1,1,0,0,0,1,"d/t hospitalization with diarrhea/nausea/DKA",1,2,1,0,,0,,"presented to hospital with diarrhea, found with DKA",2
148,4586232,1953-02-18,M,WHITE,"Not Hispanic, Latino/a, or Spanish origin",64,2017-03-15,2017-04-26,6/12/2024,"Ampulla of Vater",1,1,"morphine, oxycodone",,,,,,,,,,,,,,,,"*MRN does not pull up patient",0
149,4667099,1948-02-24,M,White,"Not Hispanic, Latino/a, or Spanish origin",71,2020-01-16,2020-03-27,7/18/2020,"remote Non hodgkin lymphoma; Head of pancreas",1,1,"tramadol, oxycodone, hydromorphone",,0,0,1,1,1,0,,1,3,1,1,3,0,,"started opioids during admission after C1 for abdominal cramping. subsequently dose reduced.  ",2
150,4670152,1951-03-09,F,"Black or African American","Not Hispanic, Latino/a, or Spanish origin",73,2024-05-07,2024-06-04,,"breast (remote), pancreatic",1,1,oxycodone,2,1,,,,1,1,"severe n/v delayed C2",1,1,0,0,,0,,"unknown reason for oxycodone script, filled once 4/2024. C2 DR 15% d/t n/v. ",2
151,4741360,1959-12-14,F,Asian,"Not Hispanic, Latino/a, or Spanish origin",60,2020-01-14,2020-03-02,7/8/2021,"Body of pancreas",1,1,oxycodone,2,1,1,0,0,1,1,diarrhea,1,2,0,1,3,0,,"s/p Roux en Y. took imodium for diarrhea. ",2
152,4764440,1979-11-29,M,Other,"Not Hispanic, Latino/a, or Spanish origin",39,2019-03-14,2019-08-08,10/22/2020,"Sigmoid colon",1,1,oxycodone,3,1,1,,,0,0,,0,,0,1,1,0,,,2
153,4850804,1949-05-07,M,White,"Not Hispanic, Latino/a, or Spanish origin",67,2017-03-27,2017-05-15,2/19/2018,"Lower third of esophagus",1,0,"oxycodone, tramadol",,0,,,,0,0,,1,0,0,0,,0,,"diarrhea controlled with imodium. ",2
154,4897840,1955-09-12,M,White,"Not Hispanic, Latino/a, or Spanish origin",67,2023-06-12,2023-08-07,,"(remote Multiple Myeloma), Rectum, NOS",1,0,oxycodone,,0,0,,,0,0,,0,,0,0,,0,,"admitted 8/2023 with large bowel obstruction. chart ends 2/2024 after entering hospice, does not indicate death. ",2
155,4938779,1926-01-20,M,WHITE,"Not Hispanic, Latino/a, or Spanish origin",89,2015-07-01,2016-01-05,6/19/2024,"Ascending colon",1,1,"tramadol, oxycodone",,,,,,,,,,,,,,,,"did not pull a chart",0
156,5001057,1951-04-23,M,"Black or African American","Not Hispanic, Latino/a, or Spanish origin",73,2023-11-16,2024-06-07,,"Ascending colon",1,0,tramadol,3,1,0,,,0,0,,0,,0,0,,0,,,2
157,5009372,1951-07-14,F,"Black or African American","Not Hispanic, Latino/a, or Spanish origin",68,2019-10-15,2020-05-19,4/25/2021,"Ascending colon (remote) then pancreatic",1,0,"oxycodone, hydromorphone",,0,0,,,0,1,"transition from irinotecan after C1",1,3,0,1,3,0,,,2
158,5009615,1961-12-14,M,"BLACK OR AFRICAN AMERICAN","Not Hispanic, Latino/a, or Spanish origin",53,2015-03-03,2016-03-29,6/22/2024,Cecum,1,1,"oxycodone, hydromorphone, tramadol, morphine",,,,,,,,,,,,,,,,"MRN does not pull up patient",0
159,5026523,1936-09-30,F,White,"Not Hispanic, Latino/a, or Spanish origin",83,2020-06-17,2020-07-29,9/27/2020,"Body of pancreas",1,1,"morphine, oxycodone, fentanyl",3,1,0,1,1,1,1,"transitioned off to hospice d/t poor tolerance",1,1,0,1,3,0,,"transitioned to hospice after three cycles due to significant fatigue/FTT, some diarrhea",2
160,5049545,1959-07-29,F,"BLACK OR AFRICAN AMERICAN","Not Hispanic, Latino/a, or Spanish origin",57,2016-09-02,2016-09-16,6/24/2024,"Transverse colon",1,1,"tramadol, oxycodone, morphine",,,,,,,,,,,,,,,,"MRN does not pull up patient",0
161,5051683,1963-07-24,F,"Black or African American","Not Hispanic, Latino/a, or Spanish origin",57,2020-10-28,2021-04-19,3/13/2023,Cecum,1,1,oxycodone,3,1,0,1,0,0,0,,0,,0,0,,0,,,2
162,5067437,1951-09-29,F,"Black or African American","Not Hispanic, Latino/a, or Spanish origin",69,2021-08-10,2021-08-10,,"Lesser curvature of stomach, NOS (not classifiable to C16.1 to C16.4)",1,1,oxycodone,,0,0,,,0,1,"held C2 and 3 due to fatigue/nausea/anorexia",0,,0,0,,0,,"chart does not indicate death but ends in 2021",2
163,5094189,1945-07-30,F,"Black or African American","Not Hispanic, Latino/a, or Spanish origin",71,2017-02-09,2017-03-30,,"Splenic flexure of colon",1,1,"oxycodone, hydromorphone",3,1,0,1,0,0,0,,0,,0,0,,0,,"didn't receive a full three months d/t progression",2
164,5095990,1949-08-28,M,"Black or African American","Not Hispanic, Latino/a, or Spanish origin",69,2019-01-04,2019-03-27,5/5/2019,"Sigmoid colon",1,0,oxycodone,3,1,0,,,1,1,"presented for C2 and was taken to ED for hypotension and hypomag 2/2 diarrhea",1,4,1,0,,0,,"admitted twice for diarrhea/hypomag/hypotension. transitioned to hospice during second hospitalization and passed away inpatient palliative.",2
165,5100404,1942-03-20,M,White,"Not Hispanic, Latino/a, or Spanish origin",74,2016-05-18,2017-03-07,1/10/2018,"Head of pancreas",1,0,oxycodone,,0,,,,0,0,,0,,0,0,,0,,,2
166,5124131,1965-03-21,F,"Black or African American","Not Hispanic, Latino/a, or Spanish origin",58,2023-04-24,2023-06-05,12/23/2024,"Tail of pancreas",1,1,oxycodone,2,1,0,,,0,0,,1,0,0,0,,0,,"started on 20% DR. noted ""cholinergic diarrhea"" after cycle one so atropine was started but didn't further specify burden. dc'd d/t progression.",2
167,5152219,1964-03-28,F,"Black or African American","Not Hispanic, Latino/a, or Spanish origin",56,2020-12-01,2021-05-25,5/8/2022,"Overlapping lesion of pancreas",1,0,"oxycodone, morphine",3,1,0,1,0,1,1,"due to nausea/diarrhea and ER trips for such but also for pending tumor resection ",1,3,0,1,4,0,,"severe severe nausea, went to CDU with qtc prolongation d/t zofran use. did use imodium.",2
168,5173821,1964-12-18,M,"Black or African American","Not Hispanic, Latino/a, or Spanish origin",56,2021-03-29,2021-05-24,9/5/2021,"Colon, NOS",1,0,"oxycodone, hydromorphone, fentanyl",,0,0,,,0,1,"delayed d/t hospitalization",1,0,1,1,1,0,,"admission for severe hypomag and diarrhea but no diarrhea during hospitalization.",2
169,5183508,1966-09-19,M,"Black or African American","Not Hispanic, Latino/a, or Spanish origin",57,2023-12-21,2024-05-29,,Cecum,1,1,oxycodone,3,1,0,1,0,0,0,,0,,0,0,,0,,,2
170,5188446,1966-11-03,M,"Black or African American","Not Hispanic, Latino/a, or Spanish origin",57,2022-04-14,2024-11-11,,"Small intestine, NOS",1,1,,,0,0,,,0,0,,0,,0,0,,0,,,2
171,5189700,1952-02-08,M,White,"Not Hispanic, Latino/a, or Spanish origin",66,2018-05-08,2019-06-11,,"Rectum, NOS",1,1,oxycodone,3,1,0,1,0,1,0,,0,,0,0,,0,,"DR due to severe nausea/vomiting",2
172,5244518,1943-06-12,M,White,"Not Hispanic, Latino/a, or Spanish origin",73,2016-06-28,2016-08-23,,"Colon, NOS",0,0,,,0,0,,,0,0,,1,1,0,0,,0,,"chart ends 2018, does not indicated death",2
173,5252927,1954-08-21,M,"Black or African American","Not Hispanic, Latino/a, or Spanish origin",65,2020-01-02,2020-05-14,7/19/2021,"Ampulla of Vater",1,1,oxycodone,3,1,1,0,0,0,,,1,2,0,0,,0,,"taking imodium for diarrhea. ",2
174,5257677,1965-12-10,M,"Black or African American","Not Hispanic, Latino/a, or Spanish origin",52,2018-05-04,2019-09-26,1/13/2022,"Transverse colon",1,0,,,0,0,,,0,0,,0,,0,0,,0,,,2
175,5281379,1945-06-05,M,White,"Not Hispanic, Latino/a, or Spanish origin",74,2019-02-05,2019-11-04,8/8/2020,"Ascending colon",1,0,oxycodone,,0,,,,1,0,,0,,0,0,,0,,"DR d/t nausea. ",2
176,5289934,1960-07-02,M,"Black or African American","Not Hispanic, Latino/a, or Spanish origin",59,2019-07-19,2020-11-20,,"Rectum, NOS",1,1,"tramadol, morphine, oxycodone",3,1,0,,,0,0,,0,,0,0,,0,,"with ostomy. started at 15% DR d/t poor PS. transitioned to hospice 3/2021, chart does not indicate death.",2
177,5300820,1965-10-20,F,White,"Not Hispanic, Latino/a, or Spanish origin",51,2016-12-26,2017-02-15,9/4/2018,"Head of pancreas",1,1,"fentanyl, hydromorphone, tramadol",3,1,0,1,1,1,0,,1,1,0,0,,0,,"admitted with intractable n/v. ",2
178,5305256,1951-09-11,M,White,"Not Hispanic, Latino/a, or Spanish origin",71,2022-12-13,2023-09-19,5/6/2024,"Head of pancreas",1,1,,,0,0,,,0,0,,1,1,0,0,,0,,,2
179,5308396,1946-07-16,M,White,"Not Hispanic, Latino/a, or Spanish origin",74,2021-01-12,2021-04-20,7/24/2021,"Head of pancreas",0,0,oxycodone,,0,,0,1,0,0,,1,2,0,0,,0,,"loperamide for diarrhea. started oxycodone after C4.",2
180,5317126,1970-07-11,F,"Black or African American","Not Hispanic, Latino/a, or Spanish origin",48,2019-03-26,2019-04-09,7/9/2020,"pancreas/GIST ",1,1,"tramadol, hydromorphone, oxycodone",,0,,,,,,,,,,,,,,"tolerated 2 cycles without GI side effects. patient transitioned care to Philidelphia, only 2 cycles of irinotecan noted in chart, stopped following with hem/onc 4/2019",0
181,5323290,1970-09-28,M,White,"Not Hispanic, Latino/a, or Spanish origin",52,2020-05-02,2023-09-05,,"Rectum, NOS",1,0,oxycodone,,0,,,,1,0,,1,2,0,0,,0,,,2
182,5339197,1959-02-05,F,"Black or African American","Not Hispanic, Latino/a, or Spanish origin",58,2017-06-28,2019-01-14,5/22/2019,"Sigmoid colon",1,1,"oxycodone, tramadol",3,1,1,,,1,0,,1,3,1,0,,0,,"15% DR for C3 and on d/t hospitalization for hypokalemia/diarrhea.",2
183,5342668,1953-05-08,F,"Black or African American","Not Hispanic, Latino/a, or Spanish origin",64,2018-01-28,2019-06-05,10/7/2019,"Descending colon",1,0,"oxycodone, morphine, hydromorphone, tramadol",,0,,,,0,0,,1,1,0,0,,0,,"on loperamide. ",2
184,5351316,1954-10-17,F,"Black or African American","Not Hispanic, Latino/a, or Spanish origin",63,2017-08-08,2020-02-19,6/21/2020,"Head of pancreas",1,1,oxycodone,3,1,0,,,0,0,,0,,0,0,,0,,"transferred care from Bon Secors in 2018, chart is limited prior to this, started FOLFIRINOX in 2016 without documentation of meds at that time.  Chart review here based off of records in 2018, did not appear to have any GI side effects and oxycodone is a chronic medication for many years but unknown if on it in 2016.",2
185,5364618,1972-01-28,F,"Black or African American","Not Hispanic, Latino/a, or Spanish origin",51,2023-05-02,2024-12-27,,"Splenic flexure of colon",1,1,"hydromorphone, oxycodone",3,1,0,1,0,0,0,,1,1,0,0,,0,,"imodium for diarrhea. ",2
186,5378362,1958-07-10,F,"Black or African American","Not Hispanic, Latino/a, or Spanish origin",58,2017-07-05,2018-12-26,3/11/2019,"Transverse colon",1,1,oxycodone,3,1,0,,,0,0,,0,,0,0,,0,,,2
187,5399546,1939-03-06,M,White,"Not Hispanic, Latino/a, or Spanish origin",82,2021-11-09,2023-03-01,8/31/2023,"Other specified parts of pancreas",1,1,oxycodone,,0,,,,1,0,,1,3,1,1,4,0,,"imodium for diarrhea. hospitalized with significant diarrhea, no infection. ",2
188,5408045,1959-07-23,M,"Black or African American","Not Hispanic, Latino/a, or Spanish origin",60,2020-02-06,2020-08-27,7/30/2021,"Rectum, NOS",1,1,"oxycodone, methadone",3,1,0,,,0,0,,0,,0,0,,0,,"with ostomy. ",2
189,5411980,1954-07-30,M,White,"Not Hispanic, Latino/a, or Spanish origin",64,2019-05-09,2020-02-18,6/1/2020,"Head of pancreas",1,1,oxycodone,3,1,0,1,0,1,0,,1,2,0,0,,0,,"DR with C3 due to diarrhea, used loperamide. ",2
190,5412265,1953-08-03,F,"Black or African American","Not Hispanic, Latino/a, or Spanish origin",66,2019-11-19,2020-02-25,,"Head of pancreas",1,1,oxycodone,3,1,0,,,0,0,,0,,0,0,,0,,,2
191,5426359,1941-12-10,M,White,"Not Hispanic, Latino/a, or Spanish origin",76,2018-05-02,2018-06-13,9/2/2018,"Rectum, NOS",1,1,oxycodone,3,1,0,1,0,0,0,,0,,0,0,,0,,"only 4 cycles then transition due to severe fatigue/FTT (no diarrhea/cramping), some nausea",2
192,5426804,1947-12-25,F,"Black or African American","Not Hispanic, Latino/a, or Spanish origin",71,2019-05-13,2020-03-02,,"Other specified parts of pancreas",1,0,oxycodone,,0,0,,,0,0,,0,,0,0,,0,,,2
193,5432283,1949-06-21,M,"Black or African American","Not Hispanic, Latino/a, or Spanish origin",71,2020-10-05,2021-02-22,,"Rectum, NOS",1,0,"oxycodone, hydromorphone",,0,,,,0,0,,0,,0,0,,,,,2
194,5432616,1959-06-09,M,"Black or African American","Not Hispanic, Latino/a, or Spanish origin",59,2019-03-18,2019-04-15,8/1/2019,"Head of pancreas",1,1,oxycodone,3,1,0,,,0,0,,0,,0,0,,0,,"tolerated three cycles, then delayed d/t hospitalization for severe abdominal pain thought related to cancer/ascites",2
195,5462814,1952-08-06,M,White,"Not Hispanic, Latino/a, or Spanish origin",67,2019-09-09,2020-01-20,6/16/2020,"Rectum, NOS",1,1,oxycodone,,0,1,0,0,1,0,,0,,0,0,,0,,"with ostomy after C1, received opioids during that admission. Irinotecan DR d/t fatigue. ",2
196,5481963,1975-09-04,M,"BLACK OR AFRICAN AMERICAN","Not Hispanic, Latino/a, or Spanish origin",41,2016-12-27,2017-01-25,7/30/2024,"Tail of pancreas",1,1,"oxycodone, morphine",,,,,,,,,,,,,,,,"MRN does not pull up a patient",0
197,5486940,1950-05-13,M,"Black or African American","Not Hispanic, Latino/a, or Spanish origin",68,2019-02-11,2021-10-25,8/7/2022,"Rectosigmoid junction",1,0,oxycodone,,0,,,,0,0,,0,,0,0,,0,,,2
198,5490623,1972-03-20,M,"Black or African American","Not Hispanic, Latino/a, or Spanish origin",51,2023-09-20,2024-02-13,2/23/2024,"Sigmoid colon",1,1,oxycodone,3,1,0,,,0,1,"not delayed by onc but pt presented to ED several times with abdominal pain and missed infusions",0,,0,1,3,0,,,2
199,5499228,1945-12-28,F,White,"Not Hispanic, Latino/a, or Spanish origin",73,2019-02-05,2019-02-05,3/21/2019,"Head of pancreas",1,1,oxycodone,2,1,0,0,1,0,1,"GNR bacteremia",1,0,0,0,,0,,"did not receive full three months, admitted with GNR bacteremia and transitioend to hospice. Only had C1. ",2
200,5500446,1953-08-04,M,Unknown,Unknown,63,2017-01-30,2017-04-04,,"Stomach, NOS",1,1,"fentanyl, tramadol, oxycodone",3,1,0,,,0,0,,1,1,0,0,,0,,"transitioned d/t progression",2
201,5505845,1951-12-31,F,"Black or African American","Not Hispanic, Latino/a, or Spanish origin",70,2022-05-17,2022-07-12,2/16/2023,"Body of pancreas",1,1,oxycodone,2,1,1,0,,1,0,,0,,0,0,,0,,"DR C4 due to aphasia during infusion ",2
202,5512815,1951-08-29,M,"Black or African American","Not Hispanic, Latino/a, or Spanish origin",64,2016-06-14,2016-06-14,,"Body of pancreas",1,1,"oxycodone, morphine",2,1,0,,,0,0,,0,,0,0,,0,,"started FOLFIRINOX as inpatient. developed SBO. discharged to hospice 7/26/2016, no notification of death ",2
203,5522917,1945-08-11,M,White,"Not Hispanic, Latino/a, or Spanish origin",74,2020-01-13,2020-02-10,9/19/2020,"Hepatic flexure of colon",1,0,tramadol,3,1,0,,0,1,0,,0,,0,0,,0,,"stopped irinotecan due to admission for irinotecan pneumonitis. No diarrhea/GI sx noted. Did not complete a full three months.",2
204,5528915,1957-06-13,F,White,"Not Hispanic, Latino/a, or Spanish origin",57,2015-03-10,2016-03-15,8/9/2016,"Ampulla of Vater",1,0,"oxycodone, tramadol",,0,0,,,0,0,,0,,0,0,,0,,"transitioned off due to progression",2
205,5537461,1976-05-20,M,"Black or African American","Not Hispanic, Latino/a, or Spanish origin",40,2016-06-27,2016-08-23,,"Ascending colon",1,0,"hydromorphone, oxycodone",,0,,,,0,0,,0,,0,0,,0,,,2
206,5567882,1954-09-19,F,"Black or African American","Not Hispanic, Latino/a, or Spanish origin",64,2019-04-30,2019-06-24,3/22/2020,"Head of pancreas",1,1,oxycodone,2,1,0,,,0,0,,0,,0,1,1,0,,"started on 15% DR. could have been longer course opioids, chart starts right before chemo. ",2
207,5569667,1955-10-28,F,White,"Not Hispanic, Latino/a, or Spanish origin",66,2021-12-27,2022-05-31,,"Ampulla of Vater",1,1,oxycodone,3,1,0,1,0,0,0,,1,1,0,0,,0,,"on creon for pancreatic insufficiency s/p whipple. diarrhea after C6 was attributed to diet changes but did use imodium. ",2
208,5616188,1981-01-02,M,"Black or African American","Not Hispanic, Latino/a, or Spanish origin",39,2020-07-31,2020-10-30,2/17/2021,"Rectum, NOS",1,1,oxycodone,3,1,0,,,0,0,,0,,0,0,,0,,,2
209,5624755,1959-05-26,M,White,"Not Hispanic, Latino/a, or Spanish origin",61,2020-12-15,2021-07-20,5/18/2023,Cecum,1,0,oxycodone,,0,,,,1,0,,1,1,0,0,,0,,"took imodium for diarrhea. DR due to elevated LFTs. ",2
210,5625803,1942-12-16,F,"Black or African American","Not Hispanic, Latino/a, or Spanish origin",74,2017-08-07,2018-05-07,10/30/2018,"Ascending colon",0,0,,,0,0,,,0,0,,0,,0,0,,0,,,2
211,5642893,1960-08-28,F,White,"Not Hispanic, Latino/a, or Spanish origin",56,2017-04-10,2017-05-31,,"Intrahepatic bile duct",1,1,"tramadol, oxycodone",,0,,,1,0,0,,0,,0,0,,0,,"started tramadol in first three months tx. Stopped d/t progression.",2
212,5647137,1961-03-18,M,White,"Not Hispanic, Latino/a, or Spanish origin",53,2014-12-01,2019-12-18,9/23/2020,Cecum,1,1,"morphine, hydromorphone, oxycodone",3,1,0,,,0,0,,0,,0,0,,0,,,2
213,5658943,1946-08-16,M,White,"Not Hispanic, Latino/a, or Spanish origin",76,2022-07-18,2023-09-05,9/18/2023,"Tail of pancreas",1,0,oxycodone,,0,,,,0,0,,0,,0,0,,0,,,2
214,5660904,1957-11-12,F,White,"Not Hispanic, Latino/a, or Spanish origin",58,2016-11-29,2017-02-28,12/19/2018,"Sigmoid colon",1,0,,,0,0,,,0,0,,1,1,0,0,,0,,,2
215,5661606,1948-07-11,F,White,"Not Hispanic, Latino/a, or Spanish origin",72,2021-06-21,2022-01-11,,"Body of pancreas",0,0,,,0,,,,1,0,,1,0,0,0,,0,,"DR d/t diarrhea, controlled with imodium. ",2
216,5664013,1951-05-08,F,White,"Not Hispanic, Latino/a, or Spanish origin",64,2016-02-29,2016-04-11,,"Sigmoid colon",1,0,oxycodone,,0,0,,,0,0,,0,,0,0,,0,,"transitioned due to progression. Moved to NC. ",2
217,5664244,1959-02-01,F,White,"Not Hispanic, Latino/a, or Spanish origin",57,2016-07-12,2016-11-28,,"Rectum, NOS",1,1,"oxycodone, hydromorphone",3,1,0,1,0,1,1,,1,3,1,1,3,1,"c diff","with ostomy. Admission for high output after C2, dx with c diff.",2
218,5683513,1967-11-14,F,"Black or African American","Not Hispanic, Latino/a, or Spanish origin",51,2019-11-21,2020-07-13,8/13/2020,Colon,1,0,oxycodone,,0,0,,,0,0,,0,,0,0,,0,,"with colostomy.",2
219,5685189,1950-09-06,M,White,"Not Hispanic, Latino/a, or Spanish origin",69,2020-05-05,2020-06-16,3/26/2021,Cecum,0,0,,,0,,,,0,0,,0,,0,0,,0,,,2
220,5704178,1978-06-21,M,White,"Not Hispanic, Latino/a, or Spanish origin",41,2019-12-05,2019-12-05,1/23/2020,"Ascending colon",0,0,,,0,0,,,0,0,,0,,0,0,,0,,"dc'd further tx d/t elevated bili",2
221,5716423,1955-09-18,F,White,"Not Hispanic, Latino/a, or Spanish origin",67,2023-08-15,2024-04-12,,"Intrahepatic bile duct",1,0,oxycodone,,0,,,,,,,,,,,,,,"only had irinotecan bead therapy",1
222,5912724,1964-03-14,F,"Black or African American","Not Hispanic, Latino/a, or Spanish origin",58,2022-10-31,2022-12-12,6/27/2024,"Sigmoid colon",1,1,"tramadol, oxycodone",3,1,0,,,0,0,,0,,0,0,,0,,,2
223,6014048,1958-04-03,F,"Black or African American","Not Hispanic, Latino/a, or Spanish origin",59,2017-11-28,2018-09-25,10/13/2018,Cecum,1,1,oxycodone,,0,,,,0,0,,0,,0,0,,0,,,2
224,6022120,1965-05-06,M,"Black or African American","Not Hispanic, Latino/a, or Spanish origin",58,2023-05-01,2023-11-27,1/14/2024,"Rectum, NOS",0,0,,,0,0,,,0,0,,0,,0,0,,0,,,2
225,6023400,1956-09-07,F,White,"Not Hispanic, Latino/a, or Spanish origin",62,2019-02-18,2019-02-18,,"Head of pancreas",1,1,oxycodone,2,1,0,,,,,,0,,0,0,,0,,"chart ends after admission for intractable nausea/fatigue after C1",2
226,6028863,1962-10-04,F,"Black or African American","Not Hispanic, Latino/a, or Spanish origin",57,2019-10-08,2019-12-17,,Appendix,1,1,"morphine, fentanyl, oxycodone",3,1,0,,,1,0,,0,,0,0,,0,,"Irinotecan DR 25% for C2 d/t neutropenia. noted n/v. admitted end of 10/2019 for BRBPR. transitioned off d/t disease progression.",2
227,6034984,1962-01-30,F,"Black or African American","Not Hispanic, Latino/a, or Spanish origin",59,2021-12-15,2022-09-07,5/14/2023,"Transverse colon",1,0,oxycodone,3,1,0,1,0,0,0,,0,,0,0,,0,,,2
228,6055376,1981-11-11,M,"BLACK OR AFRICAN AMERICAN","Not Hispanic, Latino/a, or Spanish origin",34,2016-05-23,2016-07-18,8/31/2024,"Head of pancreas",1,1,oxycodone,,,,,,,,,,,,,,,,"only documents in chart are from 2004, not hem/onc documentation.",1
229,6056499,1968-10-22,M,"BLACK OR AFRICAN AMERICAN","Not Hispanic, Latino/a, or Spanish origin",47,2016-02-23,2017-01-10,9/1/2024,"Colon, NOS",0,0,"oxycodone, morphine, hydromorphone",,,,,,,,,,,,,,,,"NO CHART ATTACHED TO MRN ",1
230,6057846,1961-04-06,F,"Black or African American","Not Hispanic, Latino/a, or Spanish origin",55,2016-06-21,2020-08-06,1/26/2021,"Head of pancreas",1,1,"oxycodone, tramadol, hydromorphone",2,1,0,,,0,0,,0,,0,0,,0,,,2
231,6060076,1982-09-24,M,"BLACK OR AFRICAN AMERICAN","Not Hispanic, Latino/a, or Spanish origin",34,2016-11-21,2017-01-25,9/3/2024,"Head of pancreas",1,1,"hydromorphone, oxycodone, morphine",,,,,,,,,,,,,,,,"NO CHART ATTACHED TO MRN ",1
232,6086561,1966-01-23,F,"Black or African American","Not Hispanic, Latino/a, or Spanish origin",54,2019-12-11,2020-07-08,1/10/2021,"Descending colon",0,0,,,0,0,,,0,0,,0,,0,1,1,0,,,2
233,6098033,1949-06-28,F,"Black or African American","Not Hispanic, Latino/a, or Spanish origin",71,2021-12-06,2022-05-06,,"Sigmoid colon",0,0,,,0,,,,0,0,,0,,0,0,,0,,,2
234,6119388,1960-03-04,M,"Black or African American","Not Hispanic, Latino/a, or Spanish origin",53,2014-03-03,2018-02-20,9/22/2018,"Ascending colon",1,1,"oxycodone, tramadol",3,1,1,,,0,0,,0,,0,0,,0,,"recieved in the three month period before started, course was not that long",2
235,6123098,1962-06-21,F,"Black or African American","Not Hispanic, Latino/a, or Spanish origin",59,2021-10-28,2022-04-05,9/6/2022,"Cardia, NOS",1,0,"fentanyl, morphine, oxycodone",,0,,,,0,0,,0,,0,0,,0,,,2
236,6137718,1959-09-27,M,"Black or African American","Not Hispanic, Latino/a, or Spanish origin",60,2019-10-01,2019-12-09,3/22/2021,Colon,1,1,tramadol,3,1,0,,,0,0,,0,,0,0,,0,,"transitioned d/t progression",2
237,6142384,1951-11-10,M,"Black or African American","Not Hispanic, Latino/a, or Spanish origin",68,2020-02-04,2020-03-31,3/8/2021,"Head of pancreas",1,1,oxycodone,3,1,0,1,0,0,0,,1,2,0,0,,0,,"on creon and imodium. ",2
238,6148200,1956-03-20,M,"Black or African American","Not Hispanic, Latino/a, or Spanish origin",65,2021-09-14,2023-09-11,3/2/2024,"Rectum, NOS",1,0,oxycodone,,,,,,1,0,,0,,0,1,4,0,,"DR C3 20% due to ""toxicities"",pt c/o abdominal cramping.",2
239,6202111,1958-10-26,F,"Black or African American","Not Hispanic, Latino/a, or Spanish origin",61,2020-07-21,2021-06-29,1/30/2025,"Body of pancreas",1,1,"tramadol, morphine, oxycodone",3,1,0,1,0,1,0,,1,3,1,1,4,0,,"admission for n/v and diarrhea after C1, irinotecan DR 15% with tolerance. ",2
240,6206491,1968-11-22,F,White,"Not Hispanic, Latino/a, or Spanish origin",47,2016-03-23,2016-05-31,,"Sigmoid colon",1,1,"oxycodone ",2,1,0,,,1,0,,0,,0,0,,0,,"DR 20% for C2 d/t neutropenia.",2
241,6233977,1961-03-26,F,White,"Not Hispanic, Latino/a, or Spanish origin",62,2023-02-13,2023-11-13,3/22/2024,"Body of pancreas",1,0,tramadol,,0,,,,0,0,,1,0,0,1,4,0,,"diarrhea controlled with creon. ",2
242,6234626,1969-10-06,F,"Black or African American","Not Hispanic, Latino/a, or Spanish origin",52,2022-06-22,2022-08-23,10/17/2023,"Head of pancreas",1,1,oxycodone,3,1,0,,,0,0,,1,1,0,0,,0,,,2
243,6251002,1952-06-26,F,White,"Not Hispanic, Latino/a, or Spanish origin",65,2018-02-11,2023-12-15,12/18/2023,"Head of pancreas",1,1,"oxycodone, morphine",3,1,0,1,0,0,0,,1,1,0,0,,0,,"well controlled with imodium. ",2
244,6253713,1958-08-31,M,White,"Not Hispanic, Latino/a, or Spanish origin",63,2021-10-29,2022-03-11,1/9/2023,"Rectum, NOS",1,1,"oxycodone, methadone",3,1,0,,,0,0,,0,,0,0,,0,,,2
245,6253847,1981-06-26,M,White,"Not Hispanic, Latino/a, or Spanish origin",42,2023-09-12,2024-04-23,,"sigmoid colon",1,0,oxycodone,,0,,,,0,0,,0,,0,0,,0,,,2
246,6273464,1967-05-19,F,"Black or African American","Not Hispanic, Latino/a, or Spanish origin",48,2015-12-15,2016-02-22,,"Pancreatic duct",1,1,"oxycodone, morphine, tramadol",3,1,0,,,0,0,,0,,0,0,,0,,"c2 delayed d/t admission for Kleb bacteremia.",2
247,6273869,1953-05-02,M,White,"Not Hispanic, Latino/a, or Spanish origin",65,2019-02-11,2019-03-25,6/6/2020,Appendix,1,1,oxycodone,,0,,,,1,0,,1,2,0,0,,0,,,2
248,6280768,1969-02-21,M,White,"Not Hispanic, Latino/a, or Spanish origin",49,2018-04-30,2024-08-20,,"Descending colon",1,1,oxycodone,,1,0,,,0,0,,1,0,0,0,,0,,"duration unknown, notes do not list meds but did get a script on 4/25/18.",2
249,6280869,1965-09-22,F,White,"Not Hispanic, Latino/a, or Spanish origin",53,2019-06-11,2019-08-27,7/30/2021,Appendix,1,0,hydromorphone,,,,,,0,0,,1,0,0,0,,0,,"with significant bowel resection hx, diarrhea attributed to short gut syndrome and was stable from prior on tx. also unable to quantify d/t ostomy.",2
250,6285165,1969-09-03,M,White,"Not Hispanic, Latino/a, or Spanish origin",51,2021-05-24,2022-05-16,7/2/2023,"Splenic flexure of colon",1,1,oxycodone,2,1,0,,,0,0,,1,1,0,0,,0,,"duration limited by chart starting in May 2021",2
251,6289261,1970-03-28,F,"Black or African American","Not Hispanic, Latino/a, or Spanish origin",48,2018-04-05,2018-06-21,5/9/2019,"Splenic flexure of colon",1,1,"fentanyl, morphine, oxycodone",3,1,0,1,1,0,0,,1,1,0,0,,0,,"imodium prn.",2
252,6323411,1950-12-14,F,White,"Not Hispanic, Latino/a, or Spanish origin",69,2020-02-25,2020-06-16,12/15/2020,"Ascending colon",0,0,"tramadol, hydrocodone",3,1,0,,,1,,,1,3,1,1,4,0,,,2
253,6329777,1959-05-15,F,"Black or African American","Not Hispanic, Latino/a, or Spanish origin",58,2017-06-13,2017-10-31,1/23/2018,"Descending colon",1,0,oxycodone,2,1,,0,,0,0,,0,,0,0,,0,,,2
254,6332538,1958-03-21,M,White,"Not Hispanic, Latino/a, or Spanish origin",62,2020-08-03,2020-09-14,5/15/2021,"Ascending colon",1,1,"hydromorphone, oxycodone, morphine, tramadol",3,1,0,,,0,0,,1,3,1,1,4,0,,"c diff and biofire neg, was named ""enterocolitis"" in dc summary. transitioned entirely off irinotecan after hospitalization d/t severity of diarrhea plus c/f progression. ",2
255,6336308,1946-05-22,F,White,"Not Hispanic, Latino/a, or Spanish origin",71,2017-09-11,2017-09-11,1/2/2018,"Ascending colon",1,1,"tramadol, oxycodone",3,1,0,,,,1,"completely discontinued after C1 due to degree of diarrhea causing AKI requiring admission, then performance status excluded further chemo",1,3,1,0,,0,,,2
256,6340789,1957-12-07,F,White,"Not Hispanic, Latino/a, or Spanish origin",59,2017-08-02,2021-03-29,7/22/2024,"Rectum, NOS",1,1,"oxycodone, tramadol, hydromorphone",3,1,1,,,0,0,,0,,0,0,,0,,"given in the three month period before starting chemo. transitioned off irinotecan 9/7/2018 d/t progression.",2
257,6345221,1954-10-06,M,Asian,"Not Hispanic, Latino/a, or Spanish origin",63,2018-01-08,2018-07-10,,"Ascending colon",1,1,"tramadol, oxycodone",2,1,0,1,0,0,0,,1,2,0,0,,0,,"took imodium for diarrhea",2
258,6347158,1971-03-24,F,"Black or African American","Not Hispanic, Latino/a, or Spanish origin",52,2023-08-02,2024-01-03,,"Ampulla of Vater",1,1,"hydromorphone, oxycodone",3,1,1,,,0,0,,1,1,0,0,,0,,"started on creon for grade 1 diarrhea.",2
259,6393249,1984-02-18,F,"Black or African American","Not Hispanic, Latino/a, or Spanish origin",35,2019-03-27,2019-10-23,3/18/2020,"Sigmoid colon",1,1,"oxycodone, morphine, hydromorphone",3,1,0,1,0,0,0,,1,2,0,0,,0,,"took imodium for diarrhea",2
260,6397247,1973-07-14,M,"Black or African American","Not Hispanic, Latino/a, or Spanish origin",46,2020-01-27,2021-04-20,8/3/2021,"Rectum, NOS",1,1,oxycodone,3,1,0,,,,1,"C2 held d/t diarrhea",1,3,0,1,4,0,,"taking oxycodone for abdominal cramping. became lost to follow up for subsequent cycles, went about monthly. ",2
261,6400950,1976-03-24,F,"BLACK OR AFRICAN AMERICAN","Not Hispanic, Latino/a, or Spanish origin",39,2015-09-14,2016-04-11,10/3/2024,"Transverse colon",1,1,oxycodone,,,,,,,,,,,,,,,,"MRN DOES NOT PULL CHART",1
262,6413377,1949-07-21,F,"Black or African American","Not Hispanic, Latino/a, or Spanish origin",71,2021-05-10,2021-07-13,,"Ascending colon",1,0,oxycodone,,0,0,,,0,0,,0,,0,0,,0,,"performance status declined so chemo stopped. chart ends 11/2021 does not indicate death. ",2
263,6418175,1952-03-12,M,"Black or African American","Not Hispanic, Latino/a, or Spanish origin",67,2020-02-11,2020-06-23,8/13/2020,"Overlapping lesion of pancreas",1,1,"oxycodone, morphine, tramadol",3,1,0,1,1,1,0,,1,3,0,0,,0,,"ON CREON ",2
264,6420291,1946-05-21,F,White,"Not Hispanic, Latino/a, or Spanish origin",73,2019-01-09,2019-09-09,11/27/2019,Cecum,1,1,oxycodone,,0,0,,,0,0,,1,1,0,0,,0,,"recieved irinotecan in Tappahanock 1/2019, one day of diarrhea after tx per limited records. chart for VCU starts 8/2019. No med lists with opioids. ",2
265,6426017,1961-04-12,F,White,"Not Hispanic, Latino/a, or Spanish origin",59,2021-03-15,2024-06-17,11/9/2024,"Descending colon",1,1,"morphine, hydromorphone, oxycodone",,0,,,,0,0,,0,,0,0,,0,,,2
266,6430692,1962-01-29,M,Other,"Hispanic, Latino/a, or Spanish origin",49,2011-04-26,2016-04-26,,"Rectum, NOS",1,1,"fentanyl, oxycodone, morphine, hydrocodone",3,1,0,,,1,0,,1,1,0,0,,0,,"DR irinotecan for C2 and on d/t c/f allergic reaction. chart ends 2018 without death noted.",2
267,6468417,1963-10-16,M,White,"Not Hispanic, Latino/a, or Spanish origin",53,2017-10-04,2018-05-10,,Cecum,1,1,"morphine, oxycodone, hydromorphone",3,1,0,1,0,0,0,,0,,0,0,,0,,,2
268,6490389,1949-01-03,F,White,"Not Hispanic, Latino/a, or Spanish origin",67,2016-10-18,2016-12-06,,"Body of pancreas",0,0,,,0,0,,,0,0,,0,,0,0,,0,,"chart ends 12/20216",2
269,6525776,1963-07-14,F,"Black or African American","Not Hispanic, Latino/a, or Spanish origin",56,2020-06-29,2020-07-14,3/16/2021,"Ascending colon",1,0,oxycodone,,0,,,,0,0,,1,1,0,0,,0,,"had two cycles then pt deferred further, admitted after both cycles with intractable n/v. ",2
270,6544865,1962-10-10,M,Asian,"Not Hispanic, Latino/a, or Spanish origin",55,2018-04-27,2020-01-24,8/21/2021,"Tail of pancreas",1,1,oxycodone,2,1,1,,,,,,1,1,0,1,3,0,,"hospitalized d/t abdominal cramping",2
271,6548287,1983-04-04,M,White,"Not Hispanic, Latino/a, or Spanish origin",34,2018-01-17,2018-04-18,2/19/2019,"Head of pancreas",1,1,"morphine, oxycodone",2,1,0,1,0,0,0,,1,1,0,0,,0,,,2
272,6557437,1955-08-04,M,White,"Not Hispanic, Latino/a, or Spanish origin",65,2021-02-25,2021-03-11,1/24/2022,"Pancreas, NOS",1,1,"morphine, oxycodone",3,1,0,,,0,0,,0,,0,0,,0,,,2
273,6591638,1945-03-27,M,White,"Not Hispanic, Latino/a, or Spanish origin",78,2023-04-25,2023-10-17,,"Body of pancreas",1,0,oxycodone,3,1,0,1,0,0,0,,1,1,0,0,,0,,,2
274,6600647,1960-10-30,F,"Black or African American","Not Hispanic, Latino/a, or Spanish origin",60,2021-05-18,2021-08-19,7/18/2022,"Head of pancreas",1,1,"hydromorphone, oxycodone",3,1,0,,,1,0,,1,0,0,1,4,0,,"post hospitalization opiates. DR 10% d/t diarrhea and nausea. ",2
275,6606978,1978-09-01,F,White,"Not Hispanic, Latino/a, or Spanish origin",42,2020-09-03,2022-11-02,8/5/2023,"Descending colon",1,1,"oxycodone, hydromorphone, morphine",3,1,0,1,0,0,0,,0,,0,0,,0,,,2
276,6612767,1988-05-19,M,White,"Not Hispanic, Latino/a, or Spanish origin",31,2019-12-30,2021-10-13,4/23/2023,"Hepatic flexure of colon",0,0,oxycodone,3,1,0,,,0,0,,0,,0,0,,0,,,2
277,6634172,1966-03-28,M,"Black or African American","Not Hispanic, Latino/a, or Spanish origin",56,2022-09-22,2024-02-05,9/4/2024,"Head of pancreas",1,1,"tramadol, oxycodone",3,1,0,1,0,1,0,,0,,0,1,4,0,,,2
278,6640508,1976-04-21,F,Asian,"Not Hispanic, Latino/a, or Spanish origin",47,2022-09-12,2023-06-09,,"Sigmoid colon",1,0,oxycodone,3,1,1,,,0,0,,0,,0,1,4,0,,,2
279,6657557,1951-11-28,F,White,"Not Hispanic, Latino/a, or Spanish origin",65,2017-09-10,2017-11-01,12/4/2018,"Head of pancreas",1,1,"hydromorphone, oxycodone",3,1,0,1,0,1,0,,1,0,0,0,,0,,"first two cycles elsewhere, hospitalized for dehydration and vomiting then transferred to VCU. no note of diarrhea. DR for C3 onward d/t hospitalization. ",2
280,6676813,1954-05-20,F,White,"Not Hispanic, Latino/a, or Spanish origin",65,2020-05-15,2020-06-12,7/26/2020,"Head of pancreas",1,0,"fentanyl, morphine, oxycodone",,0,0,,,,1,"d/t diarrhea and fatigue C4 delayed ",1,0,,1,3,0,,"started at 15% DR. hospitalized for FTT and severe abdominal pain, dc'd to hospice ",2
281,6709046,1951-06-02,F,White,"Not Hispanic, Latino/a, or Spanish origin",67,2019-02-22,2019-05-24,8/30/2019,"Head of pancreas",1,1,"oxycodone, morphine",3,1,0,1,0,0,0,,0,,0,0,,0,,,2
282,6720738,1945-01-23,F,"Black or African American","Not Hispanic, Latino/a, or Spanish origin",71,2016-10-24,2016-12-27,,"Head of pancreas",0,0,,,0,0,,,0,0,,0,,0,0,,0,,"chart ends 2021",2
283,6722501,1955-12-09,F,"Black or African American","Not Hispanic, Latino/a, or Spanish origin",61,2017-02-07,2017-08-09,,"Gastric antrum",1,1,oxycodone,3,1,0,0,0,1,1,,1,0,0,0,,0,,"chart ends in 2017 after pt moved",2
284,6726038,1934-08-08,M,White,"Not Hispanic, Latino/a, or Spanish origin",84,2019-08-15,2020-02-04,6/7/2020,"Hepatic flexure of colon",1,0,tramadol,3,1,0,,,0,0,,1,1,0,0,,0,,,2
285,6768386,1972-09-21,M,"BLACK OR AFRICAN AMERICAN","Not Hispanic, Latino/a, or Spanish origin",43,2015-11-05,2016-03-23,10/27/2024,"Rectosigmoid junction",1,1,"oxycodone, hydromorphone",,,,,,,,,,,,,,,,"MRN DOES NOT PULL CHART",1
286,6784860,1952-04-05,M,White,"Not Hispanic, Latino/a, or Spanish origin",68,2020-05-19,2020-10-20,6/10/2021,"Esophagus, NOS",1,1,"oxycodone, morphine, hydromorphone, fentanyl",3,1,0,,,0,0,,0,,0,0,,0,,,2
287,6791477,1959-03-26,F,"Black or African American","Not Hispanic, Latino/a, or Spanish origin",58,2017-12-11,2019-06-13,2/3/2020,"remote hx vulvar cx; Rectosigmoid junction",1,1,"oxycodone, methadone",3,1,0,1,0,0,1,"at patient request",1,0,0,1,4,0,,"really only received c1 then deferred treatment for several months.",2
288,6799180,1957-09-03,F,White,"Not Hispanic, Latino/a, or Spanish origin",61,2019-07-31,2019-11-19,5/2/2021,"Sigmoid colon",1,1,oxycodone,3,1,0,,,0,0,,1,1,0,0,,0,,,2
289,6803596,1957-11-20,F,White,"Not Hispanic, Latino/a, or Spanish origin",66,2023-11-15,2024-06-05,,"Tail of pancreas",1,0,"oxycodone, tramadol",2,1,0,1,1,1,1,"due to multiple side effects ultimately ""acute failure to thrive"" ",1,2,0,0,,0,,"started creon during initiation irinotecan. ",2
290,6837562,1960-03-13,M,"Black or African American","Not Hispanic, Latino/a, or Spanish origin",61,2021-08-09,2021-08-24,,"Splenic flexure of colon",1,0,oxycodone,,0,0,,,1,,,1,1,0,0,,0,,"DR d/t muscle twitching during infusion during C1. irinotecan dropped after C2 d/t another infusion reaction. Noted mild diarrhea after tx. dc'd to hospice 9/2023",2
291,6841282,1966-01-16,M,"Black or African American","Not Hispanic, Latino/a, or Spanish origin",57,2023-08-25,2024-02-05,,"Body of pancreas",1,1,oxycodone,3,1,0,1,0,0,0,,1,1,0,0,,0,,"severe nausea",2
292,6847633,1981-08-30,F,White,"Not Hispanic, Latino/a, or Spanish origin",41,2022-05-03,2024-03-07,5/25/2024,"Rectum, NOS",0,0,oxycodone,2,1,0,,,0,0,,1,2,0,0,,0,,,2
293,6850368,1953-07-19,M,White,"Not Hispanic, Latino/a, or Spanish origin",67,2020-09-21,2020-11-09,2/13/2021,"Head of pancreas",1,1,oxycodone,2,1,0,1,0,0,0,,1,2,0,0,,0,,,2
294,6851918,1971-02-06,F,"Black or African American","Not Hispanic, Latino/a, or Spanish origin",48,2019-03-12,2021-03-19,9/15/2021,"Head of pancreas",1,0,oxycodone,,0,0,,,0,0,,0,,0,0,,0,,,2
295,6854276,1944-12-18,M,White,"Not Hispanic, Latino/a, or Spanish origin",76,2021-08-06,2021-08-06,9/25/2021,Cecum,1,0,tramadol,3,1,0,,,,1,"discontinued after C1 due to degree of diarrhea",1,3,1,1,4,0,,,2
296,6908918,1969-10-25,F,"Black or African American","Not Hispanic, Latino/a, or Spanish origin",53,2023-03-15,2023-08-15,,jejunum,1,0,oxycodone,,0,0,,,0,0,,0,,0,0,,0,,"went home on hospice 10/2023, records do not indicate death ",2
297,6909967,1961-11-19,F,White,"Not Hispanic, Latino/a, or Spanish origin",57,2019-02-05,2019-03-18,11/8/2019,"Rectum, NOS",1,1,"oxycodone, hydromorphone",,,,,,,,,,,,,,,,"Recieved initial FOLFIRI course at different institution, records not available ",1
298,6928601,1986-08-25,F,White,"Not Hispanic, Latino/a, or Spanish origin",32,2019-03-26,2020-03-04,5/14/2020,"Rectum, NOS",1,0,"methadone, oxycodone, tramadol, morphine",3,1,0,,,0,0,,0,,0,0,,0,,,2
299,6976412,1963-08-20,F,"Black or African American","Not Hispanic, Latino/a, or Spanish origin",55,2018-12-06,2019-04-25,,"Head of pancreas",1,1,oxycodone,,0,,,,0,0,,0,,0,0,,0,,,2
300,6978823,1940-03-24,M,White,"Not Hispanic, Latino/a, or Spanish origin",76,2017-02-23,2017-07-31,2/14/2018,"Ascending colon",1,1,"tramadol, oxycodone, hydromorphone",2,1,1,,,1,1,"missed cylces d/t hospitalizations",1,3,1,0,,1,"at one of the two hospitalizations for diarrhea within the three months after starting irinotecan.","with ostomy. hospitalized 4/2017 with c diff. hospitalized 5/2017 with diarrhea, GI and c diff negative but did have Rhino/enterovirus. ",2
301,6992364,1949-03-27,F,White,"Not Hispanic, Latino/a, or Spanish origin",67,2017-02-06,2017-02-06,,"Hepatic flexure of colon",1,1,"fentanyl, oxycodone, morphine",3,1,0,,0,,0,,0,,0,0,,0,,"patient requested transition to  hospice after C1 due to degree of fatigue",2
302,7001742,1955-12-30,M,White,"Not Hispanic, Latino/a, or Spanish origin",65,2021-11-15,2022-02-14,4/20/2022,"Tail of pancreas",0,0,oxycodone,3,1,0,,,0,0,,1,1,0,0,,0,,,2
303,7009489,1951-09-27,M,White,"Not Hispanic, Latino/a, or Spanish origin",63,2015-09-29,2015-12-28,4/17/2018,"Head of pancreas",1,0,"tramadol, oxycodone",,0,,,,0,0,,1,1,0,0,,0,,"on creon. took imodium for diarrhea",2
304,7019705,1966-12-31,M,"Black or African American","Not Hispanic, Latino/a, or Spanish origin",51,2018-01-09,2018-12-12,3/2/2019,"Sigmoid colon",1,1,oxycodone,3,1,0,,,0,0,,0,,0,0,,0,,,2
305,7027658,1957-04-08,M,White,"Not Hispanic, Latino/a, or Spanish origin",58,2016-01-19,2016-01-19,,"Rectum, NOS",1,1,"methadone, oxycodone, hydromorphone, morphine",3,1,0,1,0,,0,,0,,0,0,,0,,"only received on cycle due to hospitalizations with pna ",2
306,7033348,1946-05-31,M,"Black or African American","Not Hispanic, Latino/a, or Spanish origin",73,2020-01-09,2020-06-01,8/9/2020,"Head of pancreas",0,0,,,0,0,,,0,0,,0,,0,0,,0,,"C5 irinotecan (just at 3 months after first dose) held d/t elevated LFTs. no GI sx per patient.",2
307,7037157,1971-05-15,F,White,"Not Hispanic, Latino/a, or Spanish origin",51,2023-02-13,2023-02-13,8/11/2023,"Sigmoid colon",1,1,"fentanyl, oxycodone",,,,,,,,,,,,,,,,"DID NOT RECEIVE FIRST IRINOTECAN AT VCU/NO ACCESS TO VCI RECORDS",1
308,7039195,1962-12-26,F,White,"Not Hispanic, Latino/a, or Spanish origin",53,2015-06-17,2016-04-04,,"cholangiocarcinoma ",1,1,"morphine, oxycodone",3,1,0,,,0,0,,0,,0,0,,0,,"received her first three months of irinotecan at VCI, only records say ""tolerated well"". No hospitalizations seen. ",2
309,7051359,1962-12-08,M,White,"Not Hispanic, Latino/a, or Spanish origin",58,2021-09-09,2025-03-10,,"Head of pancreas",1,1,"oxycodone, tramadol",2,1,0,1,0,0,0,,1,1,0,0,,0,,"took imodium",2
310,7052324,1961-04-15,F,"Black or African American","Not Hispanic, Latino/a, or Spanish origin",59,2020-08-04,2020-10-27,5/29/2022,"Head of pancreas and remote hx breast ",0,0,,,0,0,,,0,1,"d/t admission for abdominal pain, no diarrhea ",1,1,0,1,3,0,,"hospitalized shortly d/t RUQ pain, then again for ""noninfectious enteritis""",2
311,7275713,1977-10-17,M,White,"Not Hispanic, Latino/a, or Spanish origin",45,2023-10-26,2023-10-26,10/29/2023,"Rectum, NOS",1,1,"hydromorphone, oxycodone",3,1,0,,,,,,0,,0,,,0,,"received irinotecan while hospitalized, passed away three days later with AHRF",2
312,7301674,1949-07-27,M,"BLACK OR AFRICAN AMERICAN","Not Hispanic, Latino/a, or Spanish origin",67,2016-09-20,2016-09-20,11/23/2024,"Overlapping lesion of colon",1,1,"tramadol, fentanyl, oxycodone",,,,,,,,,,,,,,,,,1
313,7362366,1958-09-22,F,White,"Not Hispanic, Latino/a, or Spanish origin",65,2023-11-08,2024-07-23,,"Sigmoid colon",1,1,"tramadol, oxycodone",2,1,0,1,0,0,0,,0,,0,1,4,0,,,2
314,7614459,1942-08-10,M,WHITE,"Not Hispanic, Latino/a, or Spanish origin",73,2015-10-06,2015-11-30,11/25/2024,Duodenum,1,1,"hydromorphone, oxycodone",,,,,,,,,,,,,,,,,1
315,7618156,1967-02-15,M,White,"Not Hispanic, Latino/a, or Spanish origin",53,2020-04-15,2020-04-28,11/2/2020,"Intrahepatic bile duct",1,1,"oxycodone, hydromorphone",3,1,0,1,0,0,0,,1,1,0,1,4,0,,"admission for acute cholecystitis. ",2
316,7618849,1964-06-04,F,White,"Not Hispanic, Latino/a, or Spanish origin",50,2015-06-24,2017-09-19,3/25/2019,"Sigmoid colon",1,1,"morphine, oxycodone, hydromorphone",3,1,0,,,0,0,,0,,0,0,,0,,,2
317,7621930,1941-09-03,M,White,"Not Hispanic, Latino/a, or Spanish origin",81,2023-01-31,2023-04-11,7/14/2023,"Esophagus, NOS",1,1,"oxycodone, tramadol, morphine, methadone",3,1,0,1,0,0,0,,1,2,0,0,,0,,,2
318,7622943,1943-07-01,M,White,"Not Hispanic, Latino/a, or Spanish origin",76,2019-07-19,2020-03-20,,"Transverse colon",0,0,"tramadol ",3,1,0,,,0,0,,0,,0,0,,0,,"started on dose reduced, increased in C3 d/t tolerance. chart ends 2020, doesn't indicate death.",2
319,7625160,1959-12-10,F,"Black or African American","Not Hispanic, Latino/a, or Spanish origin",55,2015-09-22,2016-02-16,,"Rectosigmoid junction",1,0,oxycodone,,0,,,,0,0,,0,,0,0,,0,,,2
320,7682630,1963-08-12,M,"Black or African American","Not Hispanic, Latino/a, or Spanish origin",56,2020-04-29,2020-08-11,,"Head of pancreas, remote hx nasopharyngeal SCC",1,1,"oxycodone, morphine",3,1,0,,,0,0,,1,0,0,0,,0,,"was hospitalized May 2020 with DKA, reports of vomiting; no noted diarrhea. C/o diarrhea later after hospitalization had resolved. creon not helpful. dc'd to hospice in 2022, chart doesn't indicate death.",2
321,7686488,1956-11-16,M,"Black or African American","Not Hispanic, Latino/a, or Spanish origin",65,2022-08-10,2022-11-30,,"Rectum, NOS",1,1,oxycodone,3,1,0,1,0,0,0,,1,1,0,0,,0,,"took imodium",2
322,7732291,1971-08-15,F,White,"Not Hispanic, Latino/a, or Spanish origin",42,2014-07-01,2016-03-14,,"Head of pancreas",1,1,"oxycodone, hydromorphone",3,1,0,,,0,0,,0,,0,0,,0,,"started on 15% DR. Developed neurologic sx after C2, dx 5-FU toxicity, switched to gem/abrax. ",2
323,7740368,1968-01-03,M,White,"Not Hispanic, Latino/a, or Spanish origin",53,2021-07-13,2022-03-01,9/1/2022,"Rectum, NOS",1,1,"hydromorphone, oxycodone",3,1,0,1,0,1,1,,1,3,0,1,4,0,,"took imodium",2
324,7742027,1986-09-16,F,White,"Not Hispanic, Latino/a, or Spanish origin",37,2020-04-14,2024-04-03,1/21/2024,"Sigmoid colon",1,1,"hydromorphone, morphine, oxycodone",3,1,0,,,0,0,,1,2,0,1,3,0,,"went to ED with cramping, discharged from ED. ",2
325,7745181,1966-03-25,F,White,"Not Hispanic, Latino/a, or Spanish origin",54,2020-10-28,2022-10-25,,"Colon, NOS",1,0,oxycodone,,0,,,,,,,0,,0,1,4,0,,,2
326,7761208,1965-04-11,M,"Black or African American","Not Hispanic, Latino/a, or Spanish origin",57,2023-03-21,2023-05-01,,"Tail of pancreas",1,0,tramadol,3,1,0,,,0,0,,0,,0,0,,0,,"transitioned d/t progression disease",2
327,7761563,1949-08-18,F,White,"Not Hispanic, Latino/a, or Spanish origin",72,2021-12-14,2021-12-27,1/18/2022,"Head of pancreas",1,0,oxycodone,,0,,,,0,0,,1,0,0,0,,0,,"took imodium and creon. hospitalized with acute DVTs, GPC bacteremia. Stopped treatment for cancer after. ",2
328,7769448,1951-07-29,M,White,"Not Hispanic, Latino/a, or Spanish origin",65,2017-07-12,2025-02-24,,"Rectum, NOS",1,1,,,0,0,,,0,0,,0,,0,0,,0,,,2
329,7776468,1949-01-21,M,"Black or African American","Not Hispanic, Latino/a, or Spanish origin",67,2016-02-09,2016-05-31,,"Lower third of esophagus",1,0,oxycodone,,0,,,,,,,1,0,0,0,,0,,"imodium prn. ",2
330,7781347,1936-11-07,M,White,"Not Hispanic, Latino/a, or Spanish origin",79,2016-04-05,2016-07-19,,"Pancreas, NOS",1,1,oxycodone,3,1,0,,,1,0,,0,,0,0,,0,,"DR at C3 due to fatigue. Discharged to hospice in 2017 without documentation of death.",2
331,7782405,1958-07-20,M,White,"Not Hispanic, Latino/a, or Spanish origin",56,2015-01-26,2017-09-25,,"Sigmoid colon",1,1,oxycodone,,0,,,,0,0,,0,,0,0,,0,,,2
332,7799154,1993-04-02,M,White,"Not Hispanic, Latino/a, or Spanish origin",27,2020-02-27,2020-05-19,12/1/2020,"Ileum (excludes Ileocecal valve C18.0)",1,1,"fentanyl, oxycodone",3,1,0,,,1,0,,1,3,1,1,4,0,,"with childhood B-ALL and hx of allo BMT.",2
333,7822028,1959-06-02,F,White,"Not Hispanic, Latino/a, or Spanish origin",60,2020-02-05,2020-04-06,7/16/2021,"Head of pancreas",1,1,oxycodone,2,1,0,1,0,0,1,"""GI virus"" (kept calling it this in notes after each cycle.. to me seems temporally related to her getting chemo) ",1,3,1,,,1,"""intraabdominal abscesses, GNR bacteremia"" ",,2
334,7827003,1970-12-04,M,WHITE,"Not Hispanic, Latino/a, or Spanish origin",44,2015-05-19,2016-12-26,12/15/2024,"Rectosigmoid junction",1,1,"tramadol, morphine, oxycodone",,,,,,,,,,,,,,,,,1
335,7841802,1949-02-05,M,White,"Not Hispanic, Latino/a, or Spanish origin",69,2019-01-29,2019-11-19,,"Head of pancreas",1,1,"tramadol, oxycodone",2,1,0,0,0,0,1,"at patient's request ",1,2,0,0,,0,,"used imodium. had also severe n/v. ",2
336,7852057,1953-03-03,F,"Black or African American","Not Hispanic, Latino/a, or Spanish origin",63,2016-04-11,2018-09-24,3/6/2019,"Splenic flexure of colon",1,0,,,0,0,,,0,0,,1,1,0,0,,0,,,2
337,7874762,1955-06-22,F,"BLACK OR AFRICAN AMERICAN","Not Hispanic, Latino/a, or Spanish origin",60,2016-05-16,2016-08-29,12/18/2024,Jejunum,1,0,oxycodone,,,,,,,,,,,,,,,,"NO CHART FOR MRN ",1
338,7921701,1970-11-12,M,White,"Not Hispanic, Latino/a, or Spanish origin",45,2016-05-31,2016-06-14,,"Sigmoid colon",1,1,"oxycodone, tramadol",3,1,0,,,0,0,,0,,0,0,,0,,"chart ends 7/2016, within the three month start of irinotecan",2
339,7924756,1967-12-16,F,White,"Not Hispanic, Latino/a, or Spanish origin",48,2016-05-03,2016-07-12,,"Sigmoid colon",1,1,"oxycodone, morphine",3,1,0,1,0,0,1,"severe n/v, at pt request. no diarrhea. ",0,,0,0,,0,,"severe n/v. ",2
340,7929625,1940-11-23,F,"BLACK OR AFRICAN AMERICAN","Not Hispanic, Latino/a, or Spanish origin",75,2016-05-24,2016-05-24,12/21/2024,"Rectum, NOS",1,1,"tramadol, oxycodone",,,,,,,,,,,,,,,,,1
341,7950179,1968-12-30,F,OTHER,"Not Hispanic, Latino/a, or Spanish origin",47,2016-04-04,2016-08-08,12/22/2024,Cecum,1,0,oxycodone,,,,,,,,,,,,,,,,"NO CHART ATTACHED TO MRN ",1
342,7964322,1949-06-30,M,Unknown,Unknown,66,2015-12-07,2015-12-15,,"Middle third of esophagus",1,1,"fentanyl, oxycodone",3,1,0,,,1,1,,1,3,0,0,,0,,"transitioned after C3 d/t side effects. chart ends in 2017",2
343,7965859,1958-08-25,M,"BLACK OR AFRICAN AMERICAN","Not Hispanic, Latino/a, or Spanish origin",58,2016-11-21,2017-01-23,12/24/2024,"Sigmoid colon",1,0,oxycodone,,,,,,,,,,,,,,,,"no chart attached to mrn ",1
344,7966754,1960-06-07,M,White,"Not Hispanic, Latino/a, or Spanish origin",60,2020-10-07,2021-01-26,,"Intrahepatic bile duct",1,1,"oxycodone, hydromorphone",3,1,0,,,1,0,,1,2,0,1,2,0,,,2
345,7968150,1956-10-08,M,"BLACK OR AFRICAN AMERICAN","Not Hispanic, Latino/a, or Spanish origin",59,2016-09-06,2017-03-28,12/26/2024,"Head of pancreas",1,1,oxycodone,,,,,,,,,,,,,,,,"no chart attached to mrn ",1
346,7969486,1962-02-11,M,"Black or African American","Not Hispanic, Latino/a, or Spanish origin",54,2016-06-27,2017-09-19,9/15/2019,"Head of pancreas",1,1,oxycodone,3,1,0,,,0,0,,0,,0,0,,0,,,2
347,7970120,1976-07-13,M,White,"Not Hispanic, Latino/a, or Spanish origin",42,2019-03-22,2019-12-10,12/24/2020,"Sigmoid colon",1,1,"tramadol, oxycodone",3,1,0,1,1,1,1,"d/t diarrhea",1,3,1,0,,0,,"took imodium. hospitalization was not in the first three months. ",2
348,7973965,1950-09-18,F,WHITE,"Not Hispanic, Latino/a, or Spanish origin",65,2016-05-10,2016-09-20,12/29/2024,"Sigmoid colon",1,1,tramadol,,,,,,,,,,,,,,,,,1
349,7975450,1947-10-25,F,"BLACK OR AFRICAN AMERICAN","Not Hispanic, Latino/a, or Spanish origin",68,2016-06-23,2016-10-27,12/30/2024,"Transverse colon",1,0,oxycodone,,,,,,,,,,,,,,,,"mrn not attached to chart",1
350,7976120,1970-01-11,M,"Black or African American","Not Hispanic, Latino/a, or Spanish origin",46,2016-08-08,2017-06-26,2/16/2018,"Sigmoid colon",1,1,oxycodone,3,1,0,1,0,0,0,,0,,0,0,,0,,,2
351,7976448,1960-02-15,M,White,"Not Hispanic, Latino/a, or Spanish origin",60,2020-07-17,2021-02-23,5/25/2021,"Rectum, NOS",1,0,"oxycodone, hydromorphone, fentanyl, methadone",3,1,0,1,0,0,0,,1,2,0,0,,0,,"took imodium. ",2
352,7985035,1950-03-06,M,WHITE,"Not Hispanic, Latino/a, or Spanish origin",65,2015-12-15,2016-06-28,1/2/2025,"Overlapping lesion of pancreas",1,1,oxycodone,,,,,,,,,,,,,,,,,1
353,7985079,1957-01-24,F,White,"Not Hispanic, Latino/a, or Spanish origin",59,2016-05-27,2016-12-28,,"Colon, NOS",1,0,oxycodone,3,1,0,0,0,0,0,,1,1,0,0,,0,,"with ostomy. ",2
354,7995896,1957-11-13,F,WHITE,"Not Hispanic, Latino/a, or Spanish origin",58,2016-01-05,2016-01-19,1/4/2025,"Overlapping lesion of pancreas",1,1,oxycodone,,,,,,,,,,,,,,,,,1
355,8011706,1937-11-21,M,White,"Not Hispanic, Latino/a, or Spanish origin",80,2018-01-24,2018-01-24,,"Sigmoid colon",1,1,"fentanyl, hydromorphone, morphine",3,1,0,1,1,0,1,"due to increased ostomy output and severe fatigue, transitioned off completely after delayed cycle ",1,0,0,0,,0,,"with ostomy and increased output. used Imodium. ",2
356,8017920,1962-03-27,M,White,"Not Hispanic, Latino/a, or Spanish origin",54,2016-05-23,2016-06-06,3/26/2018,"Rectum, NOS",0,0,,,,,,,,,,,,,,,,,"started chemo Nov 2015 without records",1
357,8019418,1967-09-05,M,"BLACK OR AFRICAN AMERICAN","Not Hispanic, Latino/a, or Spanish origin",48,2016-04-13,2016-06-28,1/7/2025,"Head of pancreas",1,1,"hydromorphone, morphine",,,,,,,,,,,,,,,,"NO CHART ATTACHED TO MRN ",1
358,8020496,1952-09-17,M,White,"Not Hispanic, Latino/a, or Spanish origin",67,2020-02-18,2020-03-16,4/16/2020,"Body of pancreas",1,1,"fentanyl, oxycodone, hydromorphone",3,1,0,,1,1,0,,0,,0,0,,0,,"admitted for obstruction in April 2020, discharged to hospice, passed away ",2
359,8022657,1961-07-21,M,White,"Not Hispanic, Latino/a, or Spanish origin",57,2019-05-09,2019-05-09,5/31/2019,"Rectum, NOS",1,1,"tramadol, oxycodone, morphine",2,1,,,,,,,,,,,,,,"received first three months at VCI without records ",1
360,8022846,1970-05-11,M,Unknown,Unknown,46,2016-10-31,2016-12-05,,"Cardia, NOS",1,0,oxycodone,,0,0,0,0,0,0,,0,,0,0,,0,,"discontinued 12/5/2016 due to progression of disease ",2
361,8039767,1962-06-20,M,White,"Not Hispanic, Latino/a, or Spanish origin",55,2017-10-18,2018-07-11,9/27/2018,"Head of pancreas",0,0,,,0,,,,1,1,"d/t diarrhea C2 delayed. then irinotecan held for C2. ",1,3,0,0,,0,,,2
362,8045666,1955-09-01,F,"Black or African American","Not Hispanic, Latino/a, or Spanish origin",65,2020-12-01,2021-04-06,6/29/2021,"Transverse colon",1,0,oxycodone,,0,0,0,1,0,0,,0,,0,0,,0,,"started oxycodone 2/2021",2
363,8052993,1960-04-04,M,White,"Not Hispanic, Latino/a, or Spanish origin",56,2016-07-27,2018-10-25,1/22/2019,"Overlapping lesion of pancreas",0,0,oxycodone,,0,,,1,1,0,,1,1,0,0,,0,,"two admissions delayed treatment in first three months both for obstructive jaundice. DR irinotecan for C2 after first hospitalization. Minimal diarrhea, on imodium. ",2
364,8074467,1977-12-08,F,White,"Not Hispanic, Latino/a, or Spanish origin",41,2019-12-03,2020-02-04,11/25/2020,Appendix,1,1,oxycodone,,0,0,,,1,0,,0,,0,1,4,0,,,2
365,8099466,1947-10-01,F,White,"Not Hispanic, Latino/a, or Spanish origin",70,2017-12-13,2018-08-29,12/19/2018,"Other Digestive",1,1,oxycodone,3,1,1,0,,0,0,,0,,0,0,,0,,,2
366,8101450,1989-09-25,F,White,"Not Hispanic, Latino/a, or Spanish origin",31,2021-05-12,2023-10-31,,Colon,1,0,oxycodone,,0,,,,0,0,,0,,0,0,,0,,,2
367,8103143,1976-05-12,M,White,"Not Hispanic, Latino/a, or Spanish origin",40,2017-01-18,2017-01-31,1/17/2025,Rectum,0,0,,,,,,,,,,,,,,,,,"had irinotecan elsewhere, records not avaliable. ",1
368,8104970,1939-04-11,M,WHITE,"Not Hispanic, Latino/a, or Spanish origin",77,2017-01-18,2017-01-18,1/18/2025,Pancreas,0,0,,,,,,,,,,,,,,,,,,1
369,8123322,1969-08-25,F,White,"Not Hispanic, Latino/a, or Spanish origin",47,2017-03-07,2017-06-27,,Colon,0,0,,,0,,,,0,0,,0,,0,0,,0,,"discharged to hospice march 2020. ",2
370,8129503,1956-04-03,M,"Black or African American","Not Hispanic, Latino/a, or Spanish origin",61,2018-04-02,2018-07-02,1/26/2019,Colon,1,0,"tramadol, oxycodone",3,1,0,1,0,0,0,,0,,0,0,,0,,,2
371,8138925,1958-07-03,F,White,"Not Hispanic, Latino/a, or Spanish origin",61,2019-10-15,2020-03-23,,Colon,1,1,oxycodone,3,1,0,1,,1,0,,1,3,0,0,,0,,"prn imodium. ",2
372,8149682,1964-08-14,M,White,"Not Hispanic, Latino/a, or Spanish origin",58,2023-02-28,2024-03-05,1/13/2025,Pancreas,1,1,"oxycodone, tramadol",3,1,0,1,1,1,0,,1,1,0,1,1,0,,"diarrhea well controlled with imodium ",2
373,8156874,1945-10-06,F,White,"Not Hispanic, Latino/a, or Spanish origin",72,2018-07-23,2018-08-20,10/7/2019,Colon,1,1,"oxycodone, tramadol",3,1,0,1,0,0,0,,0,,0,0,,0,,,2
374,8158360,1963-02-26,F,White,"Not Hispanic, Latino/a, or Spanish origin",54,2018-02-05,2018-12-17,8/30/2019,Rectum,1,1,oxycodone,3,1,0,1,0,0,0,,1,1,0,0,,0,,"with colostomy ",2
375,8161471,1962-01-30,M,White,"Not Hispanic, Latino/a, or Spanish origin",58,2020-09-08,2020-10-08,11/7/2023,Colon,1,0,oxycodone,,0,,,,1,0,,0,,0,0,,0,,"entire therapy DR d/t severe fatigue, no significant GI sx.",2
376,8161540,1955-09-23,F,"BLACK OR AFRICAN AMERICAN","Not Hispanic, Latino/a, or Spanish origin",61,2017-06-29,2017-06-29,1/26/2025,Pancreas,1,1,hydromorphone,,,,,,,,,,,,,,,,,1
377,8166100,1949-10-04,F,White,"Not Hispanic, Latino/a, or Spanish origin",68,2017-10-19,2018-11-07,2/5/2019,Pancreas,1,0,oxycodone,3,1,0,1,0,0,0,,0,,0,0,,0,,,2
378,8167353,1966-12-05,M,White,"Not Hispanic, Latino/a, or Spanish origin",50,2017-08-08,2017-10-04,5/29/2018,Pancreas,1,1,morphine,2,1,1,0,0,1,0,,0,,0,0,,0,,"stopped treatment d/t side effects (fatigue, nausea namely no diarrhea/abdominal complaints)",2
379,8170827,1949-01-10,F,White,"Not Hispanic, Latino/a, or Spanish origin",68,2017-11-29,2018-01-15,5/13/2018,Pancreas,1,0,oxycodone,3,1,0,0,0,0,0,,0,,0,0,,0,,"on opioids briefly prior to starting tx, within three months of start. ",2
380,8175683,1954-02-16,M,White,"Not Hispanic, Latino/a, or Spanish origin",63,2017-09-18,2018-12-04,9/12/2019,Colon,1,1,tramadol,3,1,0,1,0,0,0,,0,,0,1,1,0,,,2
381,8186351,1949-06-20,M,White,"Not Hispanic, Latino/a, or Spanish origin",68,2017-10-03,2017-10-31,9/28/2018,Pancreas,1,1,oxycodone,2,1,0,1,0,0,0,,0,,0,1,4,0,,"transitioned to clinical trial before three months tx. ",2
382,8190192,1951-02-01,M,White,"Not Hispanic, Latino/a, or Spanish origin",73,2024-06-11,2024-06-11,2/1/2025,,1,1,"fentanyl, oxycodone",3,1,0,1,1,1,1,"stopped d/t severe abdominal pain but was ongoing before irinotecan",0,,0,1,3,0,,"death specified in chart without date. ",2
383,8190858,1943-08-02,F,White,"Not Hispanic, Latino/a, or Spanish origin",74,2018-04-18,2018-04-18,8/7/2020,Colon,0,0,,,0,,,,0,1,"transitioned off completely ",1,3,1,0,,0,,,2
384,8195301,1978-12-01,M,White,"Not Hispanic, Latino/a, or Spanish origin",45,2024-03-18,2025-01-27,2/3/2025,,1,1,oxycodone,3,1,0,1,0,0,0,,0,,0,1,1,0,,,2
385,8199643,1965-07-12,F,White,"Not Hispanic, Latino/a, or Spanish origin",52,2018-06-12,2018-12-17,8/10/2020,Colon,1,1,oxycodone,3,1,0,,,,,,,,,,,,,"received FOLFIRI in 2017 in California",1
386,8200707,1966-11-02,M,White,"Not Hispanic, Latino/a, or Spanish origin",51,2018-09-26,2020-05-20,3/2/2022,Rectum,1,1,"morphine, oxycodone",3,1,0,1,0,0,0,,0,,0,0,,0,,,2
387,8205863,1958-11-15,M,White,"Not Hispanic, Latino/a, or Spanish origin",59,2018-08-29,2019-01-10,1/2/2020,Rectum,1,1,oxycodone,2,1,0,1,0,0,0,,0,,0,0,,0,,,2
388,8208624,1938-01-30,F,White,"Not Hispanic, Latino/a, or Spanish origin",81,,,,Liver,1,1,oxycodone,,,,,,,,,,,,,,,,"Was never on Irinotecan. chart ends without indication of death in 2020. ",2
389,9123670,1951-10-10,M,"Black or African American","Not Hispanic, Latino/a, or Spanish origin",70,2022-01-11,2022-03-08,11/17/2022,Pancreas,1,1,oxycodone,3,1,0,1,1,1,0,,0,,0,1,4,0,,"DR d/t severe n/v ",2
390,9131817,1952-01-20,F,"Black or African American","Not Hispanic, Latino/a, or Spanish origin",66,2018-03-16,2020-03-27,12/14/2020,Pancreas,1,1,oxycodone,2,1,0,1,0,0,0,,1,2,1,0,,0,,"was having severe diarrhea prior to starting tx. Admitted with diarrhea in July (not in the three month window) and attributed to recent Whipple procedure ",2
391,9190084,1954-04-22,M,"BLACK OR AFRICAN AMERICAN","Not Hispanic, Latino/a, or Spanish origin",62,2016-07-19,2016-08-17,2/10/2025,Rectum,1,1,"oxycodone, hydromorphone",,,,,,,,,,,,,,,,"NO CHART TO MRN ",1
392,9207630,1955-01-30,M,"Black or African American","Not Hispanic, Latino/a, or Spanish origin",65,2020-05-06,2020-10-15,11/14/2020,Pancreas,1,1,"heroin, oxycodone, methadone",3,1,0,1,1,0,0,,0,,0,0,,0,,,2
393,9208027,1955-02-06,F,"BLACK OR AFRICAN AMERICAN","Not Hispanic, Latino/a, or Spanish origin",62,2017-02-21,2017-05-02,2/12/2025,Pancreas,1,1,"oxycodone, morphine",,,,,,,,,,,,,,,,"NO CHART TO MRN ",1
394,9212150,1955-04-11,M,"Black or African American","Not Hispanic, Latino/a, or Spanish origin",68,2023-11-02,2024-09-24,,Colon,1,1,"oxycodone, tramadol",2,1,0,1,1,0,0,,1,1,0,0,,0,,"diarrhea well controlled with imodium. Had an irregular first three months d/t no shows. ",2
395,9241202,1943-11-08,F,"BLACK OR AFRICAN AMERICAN","Not Hispanic, Latino/a, or Spanish origin",72,2016-10-10,2016-10-24,2/14/2025,Pancreas,1,1,oxycodone,,,,,,,,,,,,,,,,"NO CHART TO MRN ",1
396,9258391,1957-03-24,F,"Black or African American","Not Hispanic, Latino/a, or Spanish origin",67,2024-01-24,2025-03-20,,Pancreas,1,0,"tramadol, oxycodone",3,1,0,1,0,1,0,,0,,0,0,,0,,"DR after hospitalization for volvulus, presumed post op complication. ",2
397,9258477,1957-03-24,F,"Black or African American","Not Hispanic, Latino/a, or Spanish origin",63,2021-03-22,2021-04-05,11/8/2021,Pancreas,1,0,oxycodone,,,,,,,,,,,,,,,,"received first three months elsewhere, dose reduced for unknown reason for C2, therefore didn't fill out form",1
398,9332417,1959-10-05,F,"Black or African American","Not Hispanic, Latino/a, or Spanish origin",57,2017-06-20,2017-07-06,,Pancreas,0,0,tramadol,3,1,0,,1,,,,,,,,,,,"transferred care to Cancer Treatment Center of America after C2. ",0
399,9354810,1960-09-08,F,"Black or African American","Not Hispanic, Latino/a, or Spanish origin",54,2015-04-28,2020-04-01,8/12/2020,Colon,1,1,"fentanyl, morphine, oxycodone",3,1,0,1,0,0,0,,0,,0,0,,0,,,2
400,9365574,1961-02-19,F,"Black or African American","Not Hispanic, Latino/a, or Spanish origin",55,2016-03-15,2016-05-31,,Rectum,1,1,"oxycodone, morphine, hydromorphone",3,1,0,1,1,1,0,,1,3,1,0,,0,,"transitioned to hospice 6/26/2016",2
